,orig.ident,nCount_RNA,nFeature_RNA,percent.mito,subtype,celltype_subset,celltype_minor,celltype_major
CID3946_ACTGCAACAGCTACTA,CID3946,316,245,1.89873417721519,TNBC,Endothelial ACKR1,Endothelial ACKR1,Endothelial
CID3946_AGAACAATCTCGCTTG,CID3946,376,286,0.797872340425532,TNBC,Endothelial ACKR1,Endothelial ACKR1,Endothelial
CID3946_AGAAGCGGTCGCCACA,CID3946,685,406,12.992700729927,TNBC,Endothelial ACKR1,Endothelial ACKR1,Endothelial
CID3946_AGTACCAGTCCAGTTA,CID3946,787,474,14.4853875476493,TNBC,Endothelial ACKR1,Endothelial ACKR1,Endothelial
CID3946_AGTACTGTCGGCACTG,CID3946,930,571,10,TNBC,Endothelial ACKR1,Endothelial ACKR1,Endothelial
CID3946_AGTACTGTCGTCTAAG,CID3946,387,281,3.87596899224806,TNBC,Endothelial ACKR1,Endothelial ACKR1,Endothelial
CID3946_AGTGACTGTGCCGTAC,CID3946,308,236,5.84415584415584,TNBC,Endothelial ACKR1,Endothelial ACKR1,Endothelial
CID3946_AGTTAGCAGCGTCTGC,CID3946,310,226,6.12903225806452,TNBC,Endothelial ACKR1,Endothelial ACKR1,Endothelial
CID3946_ATCACTTTCCCTTTGG,CID3946,995,578,8.74371859296483,TNBC,Endothelial ACKR1,Endothelial ACKR1,Endothelial
CID3946_ATCCACCAGCTGCGAA,CID3946,432,270,14.5833333333333,TNBC,Endothelial ACKR1,Endothelial ACKR1,Endothelial
CID3946_ATCCACCCAGGTCCCA,CID3946,598,416,0.836120401337793,TNBC,Endothelial ACKR1,Endothelial ACKR1,Endothelial
CID3946_ATCGATGAGACGTCGA,CID3946,301,214,5.98006644518272,TNBC,Endothelial ACKR1,Endothelial ACKR1,Endothelial
CID3946_ATCGATGAGACTTCCA,CID3946,1029,599,16.5208940719145,TNBC,Endothelial ACKR1,Endothelial ACKR1,Endothelial
CID3946_ATTCACTTCTCACCCA,CID3946,387,288,0.775193798449612,TNBC,Endothelial ACKR1,Endothelial ACKR1,Endothelial
CID3946_ATTTACCGTGTACGCC,CID3946,794,497,8.69017632241814,TNBC,Endothelial ACKR1,Endothelial ACKR1,Endothelial
CID3946_CACATGATCCGGACTG,CID3946,355,261,4.7887323943662,TNBC,Endothelial ACKR1,Endothelial ACKR1,Endothelial
CID3946_CACTGTCGTCATCAGT,CID3946,375,270,3.73333333333333,TNBC,Endothelial ACKR1,Endothelial ACKR1,Endothelial
CID3946_CATTCCGAGTCATTGC,CID3946,622,413,4.18006430868167,TNBC,Endothelial ACKR1,Endothelial ACKR1,Endothelial
CID3946_CCAATGAGTATCGCAT,CID3946,564,406,6.38297872340426,TNBC,Endothelial ACKR1,Endothelial ACKR1,Endothelial
CID3946_CCCGAAGGTAAGTTAG,CID3946,267,218,6.74157303370786,TNBC,Endothelial ACKR1,Endothelial ACKR1,Endothelial
CID3946_CCCTCAACACTTCCTG,CID3946,2579,1282,1.51221403644824,TNBC,Endothelial ACKR1,Endothelial ACKR1,Endothelial
CID3946_CCGTTCAGTCGTCTCT,CID3946,492,362,4.0650406504065,TNBC,Endothelial ACKR1,Endothelial ACKR1,Endothelial
CID3946_CCGTTCATCTAGACAC,CID3946,1143,667,4.7244094488189,TNBC,Endothelial ACKR1,Endothelial ACKR1,Endothelial
CID3946_CCTATCGTCACTTGGA,CID3946,418,314,4.54545454545455,TNBC,Endothelial ACKR1,Endothelial ACKR1,Endothelial
CID3946_CCTATCGTCTCTAGGA,CID3946,2025,975,14.8148148148148,TNBC,Endothelial ACKR1,Endothelial ACKR1,Endothelial
CID3946_CGGAGAACAACTCGAT,CID3946,312,213,9.2948717948718,TNBC,Endothelial ACKR1,Endothelial ACKR1,Endothelial
CID3946_CGTGTCTCACATACGT,CID3946,13678,3417,7.14285714285714,TNBC,Endothelial ACKR1,Endothelial ACKR1,Endothelial
CID3946_CTATCTAGTAACATCC,CID3946,618,435,1.61812297734628,TNBC,Endothelial ACKR1,Endothelial ACKR1,Endothelial
CID3946_CTGTACCTCGGCATTA,CID3946,614,439,4.56026058631922,TNBC,Endothelial ACKR1,Endothelial ACKR1,Endothelial
CID3946_CTGTCGTAGGGCTGAT,CID3946,259,202,2.31660231660232,TNBC,Endothelial ACKR1,Endothelial ACKR1,Endothelial
CID3946_GAAGAATCAGAGACTG,CID3946,373,274,4.28954423592493,TNBC,Endothelial ACKR1,Endothelial ACKR1,Endothelial
CID3946_GACTCTCTCAACTCTT,CID3946,1505,758,18.7375415282392,TNBC,Endothelial ACKR1,Endothelial ACKR1,Endothelial
CID3946_GAGGCAAAGTACGAGC,CID3946,426,296,5.86854460093897,TNBC,Endothelial ACKR1,Endothelial ACKR1,Endothelial
CID3946_GATTTCTAGGGACAGG,CID3946,549,369,7.46812386156649,TNBC,Endothelial ACKR1,Endothelial ACKR1,Endothelial
CID3946_GGGCGTTCAACACAAA,CID3946,529,346,12.0982986767486,TNBC,Endothelial ACKR1,Endothelial ACKR1,Endothelial
CID3946_GGGCTACCACTGGATT,CID3946,499,340,9.21843687374749,TNBC,Endothelial ACKR1,Endothelial ACKR1,Endothelial
CID3946_GGTTCTCTCGTGGTAT,CID3946,15923,4470,7.16573510016957,TNBC,Endothelial ACKR1,Endothelial ACKR1,Endothelial
CID3946_GTACAACCAGCAATTC,CID3946,1044,615,11.1111111111111,TNBC,Endothelial ACKR1,Endothelial ACKR1,Endothelial
CID3946_GTAGCTATCTTACACT,CID3946,510,338,7.84313725490196,TNBC,Endothelial ACKR1,Endothelial ACKR1,Endothelial
CID3946_GTCGTAATCCTCGATC,CID3946,351,273,2.56410256410256,TNBC,Endothelial ACKR1,Endothelial ACKR1,Endothelial
CID3946_GTTACAGAGTACCATC,CID3946,15558,4063,11.6660239105283,TNBC,Endothelial ACKR1,Endothelial ACKR1,Endothelial
CID3946_GTTACCCAGGAATCGC,CID3946,298,222,2.3489932885906,TNBC,Endothelial ACKR1,Endothelial ACKR1,Endothelial
CID3946_GTTGAACAGAAGTCTA,CID3946,632,368,16.4556962025316,TNBC,Endothelial ACKR1,Endothelial ACKR1,Endothelial
CID3946_GTTGCGGCACTCCTTG,CID3946,534,360,9.73782771535581,TNBC,Endothelial ACKR1,Endothelial ACKR1,Endothelial
CID3946_GTTTACTTCTTTCGAT,CID3946,421,294,4.75059382422803,TNBC,Endothelial ACKR1,Endothelial ACKR1,Endothelial
CID3946_TACCGAAGTACCTTCC,CID3946,689,413,4.49927431059506,TNBC,Endothelial ACKR1,Endothelial ACKR1,Endothelial
CID3946_TACGCTCCAAGAGTTA,CID3946,352,265,5.96590909090909,TNBC,Endothelial ACKR1,Endothelial ACKR1,Endothelial
CID3946_TATCAGGCACTATCCC,CID3946,1398,743,12.3748211731044,TNBC,Endothelial ACKR1,Endothelial ACKR1,Endothelial
CID3946_TCACAAGAGGATCACG,CID3946,994,607,10.7645875251509,TNBC,Endothelial ACKR1,Endothelial ACKR1,Endothelial
CID3946_TCAGCAATCCTCATAT,CID3946,304,233,2.96052631578947,TNBC,Endothelial ACKR1,Endothelial ACKR1,Endothelial
CID3946_TCAGTTTAGTGAGTGC,CID3946,291,224,2.40549828178694,TNBC,Endothelial ACKR1,Endothelial ACKR1,Endothelial
CID3946_TCCATGCTCTGGCCAG,CID3946,2408,1160,8.47176079734219,TNBC,Endothelial ACKR1,Endothelial ACKR1,Endothelial
CID3946_TCGACCTAGCGTCGAA,CID3946,480,344,9.375,TNBC,Endothelial ACKR1,Endothelial ACKR1,Endothelial
CID3946_TGCAGATAGTTCGGTT,CID3946,392,304,3.57142857142857,TNBC,Endothelial ACKR1,Endothelial ACKR1,Endothelial
CID3946_TGGGATTAGTGGACTG,CID3946,277,214,5.05415162454874,TNBC,Endothelial ACKR1,Endothelial ACKR1,Endothelial
CID3946_TGTCCCAAGATCCCAT,CID3946,490,347,6.12244897959184,TNBC,Endothelial ACKR1,Endothelial ACKR1,Endothelial
CID3946_TGTGCGGTCTTAGCCC,CID3946,396,283,4.29292929292929,TNBC,Endothelial ACKR1,Endothelial ACKR1,Endothelial
CID3946_TTAGTCTCATACACCA,CID3946,705,464,5.24822695035461,TNBC,Endothelial ACKR1,Endothelial ACKR1,Endothelial
CID3946_TTCTAGTAGTTGGGAC,CID3946,662,425,19.6374622356495,TNBC,Endothelial ACKR1,Endothelial ACKR1,Endothelial
CID3946_CATTGTTCATCACGGC,CID3946,363,275,2.75482093663912,TNBC,Endothelial ACKR1,Endothelial ACKR1,Endothelial
CID3946_ACCTGAAAGGTTGGAC,CID3946,447,302,4.92170022371365,TNBC,Endothelial ACKR1,Endothelial ACKR1,Endothelial
CID3946_CCTCTCCTCGTCAAAC,CID3946,472,331,2.11864406779661,TNBC,Endothelial ACKR1,Endothelial ACKR1,Endothelial
CID3946_CTCCTCCAGCAATAAC,CID3946,303,213,1.65016501650165,TNBC,Endothelial ACKR1,Endothelial ACKR1,Endothelial
CID3946_GTCGTTCGTGCCCTTT,CID3946,711,442,16.1744022503516,TNBC,Endothelial ACKR1,Endothelial ACKR1,Endothelial
CID3946_TAGACCACACCCATAA,CID3946,276,224,1.81159420289855,TNBC,Endothelial ACKR1,Endothelial ACKR1,Endothelial
CID3946_CGCCATTAGTAGCATA,CID3946,522,387,3.83141762452107,TNBC,Endothelial RGS5,Endothelial RGS5,Endothelial
CID3946_AAGACTCAGGTCTTTG,CID3946,1355,795,6.93726937269373,TNBC,Endothelial RGS5,Endothelial RGS5,Endothelial
CID3946_AATTCCTTCACATCAG,CID3946,2036,1073,2.84872298624754,TNBC,Endothelial RGS5,Endothelial RGS5,Endothelial
CID3946_ACGATGTCATATTCGG,CID3946,381,296,3.93700787401575,TNBC,Endothelial RGS5,Endothelial RGS5,Endothelial
CID3946_ATTACCTTCCATCGTC,CID3946,1149,683,1.13141862489121,TNBC,Endothelial RGS5,Endothelial RGS5,Endothelial
CID3946_CAACCTCCAGTGCGCT,CID3946,8670,2961,8.9042675893887,TNBC,Endothelial RGS5,Endothelial RGS5,Endothelial
CID3946_CATTCCGCACGGTGCT,CID3946,1606,885,4.79452054794521,TNBC,Endothelial RGS5,Endothelial RGS5,Endothelial
CID3946_CCTAACCCAGGAGGTT,CID3946,534,401,3.74531835205993,TNBC,Endothelial RGS5,Endothelial RGS5,Endothelial
CID3946_CTATAGGAGATTAGAC,CID3946,1110,631,9.27927927927928,TNBC,Endothelial RGS5,Endothelial RGS5,Endothelial
CID3946_CTCCTTTGTTGTGTAC,CID3946,1782,1008,7.74410774410774,TNBC,Endothelial RGS5,Endothelial RGS5,Endothelial
CID3946_GCAGCCACACTAAACC,CID3946,4101,1829,3.07242136064375,TNBC,Endothelial RGS5,Endothelial RGS5,Endothelial
CID3946_GTCAGCGCATACACCA,CID3946,881,584,3.06469920544835,TNBC,Endothelial RGS5,Endothelial RGS5,Endothelial
CID3946_GTGAGGAAGAAGCGCT,CID3946,1162,654,10.5851979345955,TNBC,Endothelial RGS5,Endothelial RGS5,Endothelial
CID3946_TAGCACACACCTCTAC,CID3946,1293,790,2.39752513534416,TNBC,Endothelial RGS5,Endothelial RGS5,Endothelial
CID3946_TGGGCTGGTGTACATC,CID3946,8839,2732,16.8910510238715,TNBC,Endothelial RGS5,Endothelial RGS5,Endothelial
CID3946_TTTCACACACAGTACT,CID3946,667,448,1.34932533733133,TNBC,Endothelial RGS5,Endothelial RGS5,Endothelial
CID3946_TTTGTTGCATTCTGTT,CID3946,1199,743,1.00083402835696,TNBC,Endothelial RGS5,Endothelial RGS5,Endothelial
CID3946_GGGTATTCAGATCCAT,CID3946,432,322,6.94444444444444,TNBC,Endothelial CXCL12,Endothelial CXCL12,Endothelial
CID3946_AACCAACTCGCGGTAC,CID3946,718,465,7.66016713091922,TNBC,Endothelial CXCL12,Endothelial CXCL12,Endothelial
CID3946_AATCGTGCATTGCTGA,CID3946,1033,670,4.2594385285576,TNBC,Endothelial CXCL12,Endothelial CXCL12,Endothelial
CID3946_CACTGAAGTTTGCCGG,CID3946,413,293,8.95883777239709,TNBC,Endothelial CXCL12,Endothelial CXCL12,Endothelial
CID3946_GAAGCGATCATCTATC,CID3946,366,256,5.73770491803279,TNBC,Endothelial CXCL12,Endothelial CXCL12,Endothelial
CID3946_TCATTTGTCGCGGACT,CID3946,382,277,5.23560209424084,TNBC,Endothelial CXCL12,Endothelial CXCL12,Endothelial
CID3946_TCTACCGGTTCTTGTT,CID3946,447,331,2.23713646532438,TNBC,Endothelial CXCL12,Endothelial CXCL12,Endothelial
CID3946_TTCAATCCAATGGCAG,CID3946,2092,1097,5.87954110898662,TNBC,Endothelial CXCL12,Endothelial CXCL12,Endothelial
CID3946_TTCTAGTCAAACGAGC,CID3946,356,277,3.65168539325843,TNBC,Endothelial CXCL12,Endothelial CXCL12,Endothelial
CID3946_CTCAGAATCTCGACCT,CID3946,569,406,2.46045694200351,TNBC,Endothelial CXCL12,Endothelial CXCL12,Endothelial
CID3946_GCCATGGTCGAAGAAT,CID3946,387,290,10.594315245478,TNBC,Endothelial CXCL12,Endothelial CXCL12,Endothelial
CID3946_CTAGGTATCCAACTGA,CID3946,732,491,2.73224043715847,TNBC,Endothelial CXCL12,Endothelial CXCL12,Endothelial
CID3946_CATCCGTCAGAGACTG,CID3946,305,240,1.9672131147541,TNBC,Endothelial CXCL12,Endothelial CXCL12,Endothelial
CID3946_GCTACCTAGGGAGGGT,CID3946,267,206,4.49438202247191,TNBC,Endothelial CXCL12,Endothelial CXCL12,Endothelial
CID3946_TAGATCGAGTTCGGTT,CID3946,1043,677,5.46500479386385,TNBC,Endothelial CXCL12,Endothelial CXCL12,Endothelial
CID3946_TGTTCCGCAATTGAAG,CID3946,548,362,7.66423357664234,TNBC,Endothelial CXCL12,Endothelial CXCL12,Endothelial
CID3946_TTCGATTGTATTAAGG,CID3946,819,525,6.95970695970696,TNBC,Endothelial CXCL12,Endothelial CXCL12,Endothelial
CID3946_CTGTACCTCCGAGTGC,CID3946,22160,4837,9.23736462093863,TNBC,Endothelial CXCL12,Endothelial CXCL12,Endothelial
CID3946_ACTTCCGCAATCACGT,CID3946,949,619,9.27291886195996,TNBC,Endothelial CXCL12,Endothelial CXCL12,Endothelial
CID3946_AGGAGGTCAGGAACCA,CID3946,612,409,3.43137254901961,TNBC,Endothelial CXCL12,Endothelial CXCL12,Endothelial
CID3946_ATAGAGAGTACCCAGC,CID3946,3988,1744,5.61685055165496,TNBC,Endothelial CXCL12,Endothelial CXCL12,Endothelial
CID3946_CATACTTCAATAGTCC,CID3946,264,214,3.03030303030303,TNBC,Endothelial CXCL12,Endothelial CXCL12,Endothelial
CID3946_CCTCACACACTCGATA,CID3946,272,232,2.57352941176471,TNBC,Endothelial CXCL12,Endothelial CXCL12,Endothelial
CID3946_CCTGTTGCAATCTGCA,CID3946,286,245,4.54545454545455,TNBC,Endothelial CXCL12,Endothelial CXCL12,Endothelial
CID3946_GGGACTCGTGGTCCCA,CID3946,268,209,9.70149253731343,TNBC,Endothelial CXCL12,Endothelial CXCL12,Endothelial
CID3946_TAAGTCGTCAGCAATC,CID3946,481,336,4.57380457380457,TNBC,Endothelial CXCL12,Endothelial CXCL12,Endothelial
CID3946_TTACCATCAGCAGTAG,CID3946,351,262,13.960113960114,TNBC,Endothelial CXCL12,Endothelial CXCL12,Endothelial
CID3946_TTCCTTCGTTCCACGG,CID3946,528,385,4.92424242424242,TNBC,Endothelial CXCL12,Endothelial CXCL12,Endothelial
CID3946_AGGATCTAGAGGATGA,CID3946,1297,716,2.15882806476484,TNBC,CAFs MSC iCAF-like s1,CAFs MSC iCAF-like,CAFs
CID3946_GTATTTCCACAGAGAC,CID3946,730,412,6.84931506849315,TNBC,CAFs MSC iCAF-like s2,CAFs MSC iCAF-like,CAFs
CID3946_CAACAACTCGACCAAT,CID3946,407,239,17.6904176904177,TNBC,CAFs MSC iCAF-like s2,CAFs MSC iCAF-like,CAFs
CID3946_CGTTGGGTCCCTGTTG,CID3946,1106,624,1.35623869801085,TNBC,CAFs MSC iCAF-like s2,CAFs MSC iCAF-like,CAFs
CID3946_AGTACCAGTCGGAAAC,CID3946,304,224,2.63157894736842,TNBC,CAFs MSC iCAF-like s2,CAFs MSC iCAF-like,CAFs
CID3946_CTAAGTGGTTCGGTAT,CID3946,1398,755,2.36051502145923,TNBC,CAFs MSC iCAF-like s2,CAFs MSC iCAF-like,CAFs
CID3946_GCCATGGAGGGCCAAT,CID3946,3820,1494,9.60732984293194,TNBC,CAFs MSC iCAF-like s2,CAFs MSC iCAF-like,CAFs
CID3946_AGATCGTGTCTGTAGT,CID3946,646,442,7.58513931888545,TNBC,CAFs MSC iCAF-like s2,CAFs MSC iCAF-like,CAFs
CID3946_AGATCCATCACGAACT,CID3946,9992,2882,10.5484387510008,TNBC,CAFs MSC iCAF-like s2,CAFs MSC iCAF-like,CAFs
CID3946_CATCCCAAGAGATTCA,CID3946,7391,2297,18.6713570558788,TNBC,CAFs MSC iCAF-like s2,CAFs MSC iCAF-like,CAFs
CID3946_GCTTTCGTCACTGGGC,CID3946,1975,934,2.0253164556962,TNBC,CAFs MSC iCAF-like s2,CAFs MSC iCAF-like,CAFs
CID3946_CGAATTGCACCCTATC,CID3946,696,414,2.44252873563218,TNBC,CAFs MSC iCAF-like s2,CAFs MSC iCAF-like,CAFs
CID3946_AGCTCAAGTACATACC,CID3946,586,418,2.55972696245734,TNBC,CAFs MSC iCAF-like s2,CAFs MSC iCAF-like,CAFs
CID3946_CTTTCGGAGAGAGGGC,CID3946,1132,639,2.20848056537102,TNBC,CAFs MSC iCAF-like s2,CAFs MSC iCAF-like,CAFs
CID3946_TGTGAGTGTCTCCTGT,CID3946,1487,740,4.3039677202421,TNBC,CAFs MSC iCAF-like s2,CAFs MSC iCAF-like,CAFs
CID3946_AAAGAACCAAGCCCAC,CID3946,2695,1292,1.74397031539889,TNBC,CAFs MSC iCAF-like s2,CAFs MSC iCAF-like,CAFs
CID3946_TCTCCGATCTACGGGC,CID3946,2566,1134,3.31254871395168,TNBC,CAFs MSC iCAF-like s2,CAFs MSC iCAF-like,CAFs
CID3946_ATAGACCCAAGATGGC,CID3946,4694,1786,10.1832126118449,TNBC,CAFs MSC iCAF-like s2,CAFs MSC iCAF-like,CAFs
CID3946_ATCCCTGTCATTTCCA,CID3946,4367,1765,1.23654682848638,TNBC,CAFs MSC iCAF-like s2,CAFs MSC iCAF-like,CAFs
CID3946_CATTTCACAAACGAGC,CID3946,2808,1304,2.63532763532764,TNBC,CAFs MSC iCAF-like s2,CAFs MSC iCAF-like,CAFs
CID3946_CCACACTGTCGACTTA,CID3946,3573,1488,1.73523649594179,TNBC,CAFs MSC iCAF-like s2,CAFs MSC iCAF-like,CAFs
CID3946_CCCTGATCACAAGTTC,CID3946,9215,2784,11.3185024416712,TNBC,CAFs MSC iCAF-like s2,CAFs MSC iCAF-like,CAFs
CID3946_CGTGTCTCATGAATAG,CID3946,1665,812,9.06906906906907,TNBC,CAFs MSC iCAF-like s2,CAFs MSC iCAF-like,CAFs
CID3946_TTCTTCCAGGCTCTCG,CID3946,4531,1759,2.71463253145001,TNBC,CAFs MSC iCAF-like s2,CAFs MSC iCAF-like,CAFs
CID3946_CTGTGAAAGACCAAGC,CID3946,27498,6082,2.31289548330788,TNBC,CAFs Transitioning s3,CAFs myCAF-like,CAFs
CID3946_CTGAGGCGTACTCGAT,CID3946,1640,873,15.5487804878049,TNBC,CAFs Transitioning s3,CAFs myCAF-like,CAFs
CID3946_ACTACGAGTTTGGAAA,CID3946,1856,981,8.45905172413793,TNBC,CAFs Transitioning s3,CAFs myCAF-like,CAFs
CID3946_AGGTTGTAGTAAACTG,CID3946,458,312,1.31004366812227,TNBC,CAFs Transitioning s3,CAFs myCAF-like,CAFs
CID3946_GTTACAGCATAGGTTC,CID3946,658,424,0.455927051671732,TNBC,CAFs Transitioning s3,CAFs myCAF-like,CAFs
CID3946_TCATATCAGAAGAACG,CID3946,414,290,1.69082125603865,TNBC,CAFs Transitioning s3,CAFs myCAF-like,CAFs
CID3946_TTGTTTGGTGTCATGT,CID3946,727,457,4.40165061898212,TNBC,CAFs Transitioning s3,CAFs myCAF-like,CAFs
CID3946_AACCATGCATCGAACT,CID3946,1560,798,1.53846153846154,TNBC,CAFs Transitioning s3,CAFs myCAF-like,CAFs
CID3946_GATGAGGAGCTGAGTG,CID3946,1630,879,5.76687116564417,TNBC,CAFs Transitioning s3,CAFs myCAF-like,CAFs
CID3946_TGGGTTACACGACGTC,CID3946,1484,801,1.61725067385445,TNBC,CAFs Transitioning s3,CAFs myCAF-like,CAFs
CID3946_CATGGTATCTGGTCAA,CID3946,329,233,1.21580547112462,TNBC,CAFs myCAF like s4,CAFs myCAF-like,CAFs
CID3946_CTGAGGCAGAGGTTTA,CID3946,367,255,1.63487738419619,TNBC,CAFs myCAF like s4,CAFs myCAF-like,CAFs
CID3946_GGCACGTAGTCTGGTT,CID3946,310,223,2.25806451612903,TNBC,CAFs myCAF like s4,CAFs myCAF-like,CAFs
CID3946_TGCCGAGCAGGACTAG,CID3946,1003,517,7.67696909272183,TNBC,CAFs myCAF like s4,CAFs myCAF-like,CAFs
CID3946_ACACGCGAGCTGGTGA,CID3946,3686,1586,6.45686380900705,TNBC,CAFs myCAF like s4,CAFs myCAF-like,CAFs
CID3946_CATGGTACACTGTGTA,CID3946,457,299,1.75054704595186,TNBC,CAFs myCAF like s4,CAFs myCAF-like,CAFs
CID3946_TACTTACAGAATCGAT,CID3946,1360,716,1.98529411764706,TNBC,CAFs myCAF like s4,CAFs myCAF-like,CAFs
CID3946_ACAACCAGTGACTGTT,CID3946,499,328,0.400801603206413,TNBC,CAFs myCAF like s4,CAFs myCAF-like,CAFs
CID3946_ACGTAGTCACCAAATC,CID3946,644,441,2.95031055900621,TNBC,CAFs myCAF like s4,CAFs myCAF-like,CAFs
CID3946_TAACGACAGGAAAGGT,CID3946,563,407,2.13143872113677,TNBC,CAFs myCAF like s4,CAFs myCAF-like,CAFs
CID3946_TACCTGCAGGCCTAAG,CID3946,493,356,1.21703853955375,TNBC,CAFs myCAF like s4,CAFs myCAF-like,CAFs
CID3946_TTGCGTCGTCCAAAGG,CID3946,893,539,1.11982082866741,TNBC,CAFs myCAF like s4,CAFs myCAF-like,CAFs
CID3946_TCACATTTCCGATTAG,CID3946,1655,927,7.31117824773414,TNBC,CAFs myCAF like s4,CAFs myCAF-like,CAFs
CID3946_TTTCCTCGTGGGCTCT,CID3946,409,294,1.22249388753056,TNBC,CAFs myCAF like s4,CAFs myCAF-like,CAFs
CID3946_ACATTTCGTTCTTGTT,CID3946,1266,692,1.65876777251185,TNBC,CAFs myCAF like s4,CAFs myCAF-like,CAFs
CID3946_ACGATGTAGGCACGAT,CID3946,2382,1148,1.97313182199832,TNBC,CAFs myCAF like s4,CAFs myCAF-like,CAFs
CID3946_AGTAACCGTCGAAGCA,CID3946,857,496,1.5169194865811,TNBC,CAFs myCAF like s4,CAFs myCAF-like,CAFs
CID3946_CCTCACATCCCAATAG,CID3946,2893,1301,1.10611821638438,TNBC,CAFs myCAF like s4,CAFs myCAF-like,CAFs
CID3946_GAGGGTATCGGACTGC,CID3946,2312,1059,6.22837370242214,TNBC,CAFs myCAF like s4,CAFs myCAF-like,CAFs
CID3946_GATGATCGTTGCCTAA,CID3946,1032,605,1.93798449612403,TNBC,CAFs myCAF like s4,CAFs myCAF-like,CAFs
CID3946_GGGAAGTAGAGGATCC,CID3946,1039,594,2.21366698748797,TNBC,CAFs myCAF like s4,CAFs myCAF-like,CAFs
CID3946_GGGCCATGTTCGTACA,CID3946,1033,592,2.71055179090029,TNBC,CAFs myCAF like s4,CAFs myCAF-like,CAFs
CID3946_GTCTAGACAACTCATG,CID3946,7748,2391,13.9132679401136,TNBC,CAFs myCAF like s4,CAFs myCAF-like,CAFs
CID3946_TAATTCCCAGCGACAA,CID3946,2666,1168,3.37584396099025,TNBC,CAFs myCAF like s4,CAFs myCAF-like,CAFs
CID3946_TTCAATCGTAGGCAGT,CID3946,878,528,2.84738041002278,TNBC,CAFs myCAF like s4,CAFs myCAF-like,CAFs
CID3946_TTCGCTGAGTCATTGC,CID3946,5182,1999,2.77884986491702,TNBC,CAFs myCAF like s4,CAFs myCAF-like,CAFs
CID3946_TTGAACGAGCTCGAAG,CID3946,1016,587,1.37795275590551,TNBC,CAFs myCAF like s4,CAFs myCAF-like,CAFs
CID3946_TTTAGTCAGTGGTTGG,CID3946,1358,724,2.57731958762887,TNBC,CAFs myCAF like s4,CAFs myCAF-like,CAFs
CID3946_AATAGAGTCAAGAGTA,CID3946,985,565,3.95939086294416,TNBC,CAFs myCAF like s4,CAFs myCAF-like,CAFs
CID3946_CATGCGGGTAGTCTGT,CID3946,440,327,2.5,TNBC,CAFs myCAF like s4,CAFs myCAF-like,CAFs
CID3946_GCCAGTGGTACCGCGT,CID3946,1180,668,1.35593220338983,TNBC,CAFs myCAF like s4,CAFs myCAF-like,CAFs
CID3946_GTTGTGACACAAACGG,CID3946,1165,681,8.58369098712446,TNBC,CAFs myCAF like s4,CAFs myCAF-like,CAFs
CID3946_TCCAGAACAACCGATT,CID3946,2123,1010,1.60150730098917,TNBC,CAFs myCAF like s4,CAFs myCAF-like,CAFs
CID3946_AGGGCTCCAGAAGCGT,CID3946,1050,597,2.0952380952381,TNBC,CAFs myCAF like s4,CAFs myCAF-like,CAFs
CID3946_CCTTTGGCACCAGTTA,CID3946,2660,1242,1.20300751879699,TNBC,CAFs myCAF like s4,CAFs myCAF-like,CAFs
CID3946_CGGAATTCACACGGTC,CID3946,2426,1094,4.24567188788129,TNBC,CAFs myCAF like s4,CAFs myCAF-like,CAFs
CID3946_GACTGATAGGACGGAG,CID3946,1691,912,4.49438202247191,TNBC,CAFs myCAF like s4,CAFs myCAF-like,CAFs
CID3946_GGAGGATGTGCATGAG,CID3946,2184,1029,11.1721611721612,TNBC,CAFs myCAF like s4,CAFs myCAF-like,CAFs
CID3946_TAGGAGGAGCCTCAGC,CID3946,1479,797,2.09601081812035,TNBC,CAFs myCAF like s4,CAFs myCAF-like,CAFs
CID3946_ACATCCCCAGCTGTCG,CID3946,2473,1178,4.00323493732309,TNBC,CAFs myCAF like s4,CAFs myCAF-like,CAFs
CID3946_AACAACCCATTGACAC,CID3946,734,493,4.08719346049046,TNBC,CAFs myCAF like s4,CAFs myCAF-like,CAFs
CID3946_AAGCGAGCACAAACGG,CID3946,538,400,2.78810408921933,TNBC,CAFs myCAF like s4,CAFs myCAF-like,CAFs
CID3946_ACATCCCAGCCGAACA,CID3946,968,539,1.13636363636364,TNBC,CAFs myCAF like s4,CAFs myCAF-like,CAFs
CID3946_ACCTACCCAGTCTACA,CID3946,525,370,1.33333333333333,TNBC,CAFs myCAF like s4,CAFs myCAF-like,CAFs
CID3946_ACCTGTCTCCGCAAAT,CID3946,491,334,1.62932790224033,TNBC,CAFs myCAF like s4,CAFs myCAF-like,CAFs
CID3946_ACGTAACTCACTCTTA,CID3946,332,224,0.602409638554217,TNBC,CAFs myCAF like s4,CAFs myCAF-like,CAFs
CID3946_ACTATTCCAATTGCGT,CID3946,431,337,1.62412993039443,TNBC,CAFs myCAF like s4,CAFs myCAF-like,CAFs
CID3946_ACTTTCAGTCACTCGG,CID3946,926,555,1.29589632829374,TNBC,CAFs myCAF like s4,CAFs myCAF-like,CAFs
CID3946_AGAAGTATCAGAACCT,CID3946,539,347,0.742115027829314,TNBC,CAFs myCAF like s4,CAFs myCAF-like,CAFs
CID3946_AGGAAATGTCTCGGAC,CID3946,1076,637,18.2156133828996,TNBC,CAFs myCAF like s4,CAFs myCAF-like,CAFs
CID3946_AGGTAGGCATGAGTAA,CID3946,400,276,1.75,TNBC,CAFs myCAF like s4,CAFs myCAF-like,CAFs
CID3946_ATTCACTGTAGCGTTT,CID3946,432,304,1.38888888888889,TNBC,CAFs myCAF like s4,CAFs myCAF-like,CAFs
CID3946_CACGTGGCACTGATTG,CID3946,557,359,1.61579892280072,TNBC,CAFs myCAF like s4,CAFs myCAF-like,CAFs
CID3946_CAGATTGTCACCGGTG,CID3946,423,308,1.18203309692671,TNBC,CAFs myCAF like s4,CAFs myCAF-like,CAFs
CID3946_CCTCCAATCCCTTGGT,CID3946,867,503,0.346020761245675,TNBC,CAFs myCAF like s4,CAFs myCAF-like,CAFs
CID3946_CCTCTCCGTCACTAGT,CID3946,556,388,1.43884892086331,TNBC,CAFs myCAF like s4,CAFs myCAF-like,CAFs
CID3946_CGAGAAGAGCGCATCC,CID3946,494,365,2.22672064777328,TNBC,CAFs myCAF like s4,CAFs myCAF-like,CAFs
CID3946_CGCATAAAGACGAAGA,CID3946,456,312,0.87719298245614,TNBC,CAFs myCAF like s4,CAFs myCAF-like,CAFs
CID3946_CGGGCATCAGTGGCTC,CID3946,835,501,1.91616766467066,TNBC,CAFs myCAF like s4,CAFs myCAF-like,CAFs
CID3946_CTACAGAAGTCAGCGA,CID3946,472,327,2.54237288135593,TNBC,CAFs myCAF like s4,CAFs myCAF-like,CAFs
CID3946_GAAATGATCCCGTGTT,CID3946,405,313,1.72839506172839,TNBC,CAFs myCAF like s4,CAFs myCAF-like,CAFs
CID3946_GAGACCCCATGAGATA,CID3946,449,330,2.00445434298441,TNBC,CAFs myCAF like s4,CAFs myCAF-like,CAFs
CID3946_GATGTTGCACAGACGA,CID3946,592,390,1.18243243243243,TNBC,CAFs myCAF like s4,CAFs myCAF-like,CAFs
CID3946_GCTGAATAGTATGACA,CID3946,502,339,1.99203187250996,TNBC,CAFs myCAF like s4,CAFs myCAF-like,CAFs
CID3946_GGAACCCCACAAATCC,CID3946,629,458,4.92845786963434,TNBC,CAFs myCAF like s4,CAFs myCAF-like,CAFs
CID3946_GGAACCCTCTAGCCAA,CID3946,703,482,8.67709815078236,TNBC,CAFs myCAF like s4,CAFs myCAF-like,CAFs
CID3946_GGGTAGACAGTGTGCC,CID3946,1043,615,13.614573346117,TNBC,CAFs myCAF like s4,CAFs myCAF-like,CAFs
CID3946_GGTGTTAGTGAAGCGT,CID3946,652,457,2.60736196319018,TNBC,CAFs myCAF like s4,CAFs myCAF-like,CAFs
CID3946_GTCCTCACAACCACGC,CID3946,711,482,2.39099859353024,TNBC,CAFs myCAF like s4,CAFs myCAF-like,CAFs
CID3946_GTCGTTCTCCGTGTAA,CID3946,587,425,2.72572402044293,TNBC,CAFs myCAF like s4,CAFs myCAF-like,CAFs
CID3946_GTCTGTCTCCCTTTGG,CID3946,470,359,1.27659574468085,TNBC,CAFs myCAF like s4,CAFs myCAF-like,CAFs
CID3946_GTTAGTGGTAGCGTTT,CID3946,2573,1229,6.87912942090944,TNBC,CAFs myCAF like s4,CAFs myCAF-like,CAFs
CID3946_TAACCAGAGGGCAGAG,CID3946,445,325,2.02247191011236,TNBC,CAFs myCAF like s4,CAFs myCAF-like,CAFs
CID3946_TACCCGTCATCATCTT,CID3946,2321,1137,1.292546316243,TNBC,CAFs myCAF like s4,CAFs myCAF-like,CAFs
CID3946_TACCTGCTCCTGTAGA,CID3946,708,420,0.706214689265537,TNBC,CAFs myCAF like s4,CAFs myCAF-like,CAFs
CID3946_TAGGTACGTGCTCTTC,CID3946,3025,1413,5.12396694214876,TNBC,CAFs myCAF like s4,CAFs myCAF-like,CAFs
CID3946_TCACACCAGAGTCTTC,CID3946,742,455,1.61725067385445,TNBC,CAFs myCAF like s4,CAFs myCAF-like,CAFs
CID3946_TCCACGTTCCGCCTAT,CID3946,718,422,1.81058495821727,TNBC,CAFs myCAF like s4,CAFs myCAF-like,CAFs
CID3946_TCCCAGTCAAGAGCTG,CID3946,620,409,0.967741935483871,TNBC,CAFs myCAF like s4,CAFs myCAF-like,CAFs
CID3946_TCCTCGACAGCTGTTA,CID3946,1242,691,11.9162640901771,TNBC,CAFs myCAF like s4,CAFs myCAF-like,CAFs
CID3946_TCGGGTGGTGCTTATG,CID3946,467,306,0.856531049250535,TNBC,CAFs myCAF like s4,CAFs myCAF-like,CAFs
CID3946_TTCTTCCTCTGACCCT,CID3946,3664,1465,0.382096069868996,TNBC,CAFs myCAF like s4,CAFs myCAF-like,CAFs
CID3946_TTGATGGGTATCACCA,CID3946,512,360,0.9765625,TNBC,CAFs myCAF like s4,CAFs myCAF-like,CAFs
CID3946_AAACGAACATACAGCT,CID3946,714,491,2.52100840336134,TNBC,CAFs myCAF like s4,CAFs myCAF-like,CAFs
CID3946_GGTCACGCATGGCTGC,CID3946,1048,665,8.3969465648855,TNBC,CAFs myCAF like s4,CAFs myCAF-like,CAFs
CID3946_TCCTAATCAGTTGTCA,CID3946,1109,694,5.50045085662759,TNBC,CAFs myCAF like s4,CAFs myCAF-like,CAFs
CID3946_TGCAGTAAGCAGTCTT,CID3946,833,568,3.72148859543818,TNBC,CAFs myCAF like s4,CAFs myCAF-like,CAFs
CID3946_TTTGACTCAAACCATC,CID3946,558,416,1.4336917562724,TNBC,CAFs myCAF like s4,CAFs myCAF-like,CAFs
CID3946_ACCTGAATCCAACTGA,CID3946,1224,670,3.59477124183007,TNBC,CAFs myCAF like s4,CAFs myCAF-like,CAFs
CID3946_GACGCTGCATTCGGGC,CID3946,2009,1049,1.84171229467397,TNBC,CAFs myCAF like s4,CAFs myCAF-like,CAFs
CID3946_ACCATTTAGACCGTTT,CID3946,5270,2042,4.17457305502846,TNBC,CAFs myCAF like s4,CAFs myCAF-like,CAFs
CID3946_GGATGTTCACTTCAGA,CID3946,586,406,2.04778156996587,TNBC,CAFs myCAF like s4,CAFs myCAF-like,CAFs
CID3946_ATTCGTTAGCAGGTCA,CID3946,692,478,4.76878612716763,TNBC,CAFs myCAF like s4,CAFs myCAF-like,CAFs
CID3946_CTACAGATCCGATTAG,CID3946,590,423,2.88135593220339,TNBC,CAFs myCAF like s4,CAFs myCAF-like,CAFs
CID3946_TTACCGCCATGACGGA,CID3946,1485,766,1.34680134680135,TNBC,CAFs myCAF like s4,CAFs myCAF-like,CAFs
CID3946_CATTTCAAGGTATTGA,CID3946,1395,704,1.64874551971326,TNBC,CAFs myCAF like s4,CAFs myCAF-like,CAFs
CID3946_CGCCATTCAGTGACCC,CID3946,4127,1667,5.47613278410468,TNBC,CAFs myCAF like s4,CAFs myCAF-like,CAFs
CID3946_CGTGCTTTCAGCTGAT,CID3946,914,526,1.2035010940919,TNBC,CAFs myCAF like s4,CAFs myCAF-like,CAFs
CID3946_GCCAGTGTCTTCCACG,CID3946,2737,1252,4.49397150164414,TNBC,CAFs myCAF like s4,CAFs myCAF-like,CAFs
CID3946_GTTCTATAGTGATTCC,CID3946,2557,1171,4.45834962847086,TNBC,CAFs myCAF like s4,CAFs myCAF-like,CAFs
CID3946_AGATCGTGTTCAGGTT,CID3946,1039,583,1.82868142444658,TNBC,CAFs myCAF like s4,CAFs myCAF-like,CAFs
CID3946_ATGCGATAGAGTTGTA,CID3946,2111,1007,8.57413548081478,TNBC,CAFs myCAF like s4,CAFs myCAF-like,CAFs
CID3946_CATAGACGTTCTGACA,CID3946,1536,811,12.8255208333333,TNBC,CAFs myCAF like s4,CAFs myCAF-like,CAFs
CID3946_GACTGATGTCCTCAGG,CID3946,481,351,1.45530145530146,TNBC,CAFs myCAF like s5,CAFs myCAF-like,CAFs
CID3946_GGCTTGGAGATGGTAT,CID3946,629,452,3.97456279809221,TNBC,CAFs myCAF like s5,CAFs myCAF-like,CAFs
CID3946_GGTTGTAGTATTGAGA,CID3946,469,335,1.27931769722815,TNBC,CAFs myCAF like s5,CAFs myCAF-like,CAFs
CID3946_TGATTCTAGCATGCGA,CID3946,692,463,1.01156069364162,TNBC,CAFs myCAF like s5,CAFs myCAF-like,CAFs
CID3946_ACTCTCGTCCCTCAAC,CID3946,1143,643,0.699912510936133,TNBC,CAFs myCAF like s5,CAFs myCAF-like,CAFs
CID3946_AGATCGTGTCAGACGA,CID3946,850,526,1.64705882352941,TNBC,CAFs myCAF like s5,CAFs myCAF-like,CAFs
CID3946_AGCGATTAGACATCCT,CID3946,1112,592,2.33812949640288,TNBC,CAFs myCAF like s5,CAFs myCAF-like,CAFs
CID3946_TAACACGTCCTCACTG,CID3946,1913,946,1.15002613695766,TNBC,CAFs myCAF like s5,CAFs myCAF-like,CAFs
CID3946_TCAGTGAAGGATATAC,CID3946,1220,669,1.14754098360656,TNBC,CAFs myCAF like s5,CAFs myCAF-like,CAFs
CID3946_AAGGAATAGGCGAACT,CID3946,1019,648,6.57507360157017,TNBC,CAFs myCAF like s5,CAFs myCAF-like,CAFs
CID3946_AATCACGTCGGCTTGG,CID3946,541,354,2.58780036968577,TNBC,CAFs myCAF like s5,CAFs myCAF-like,CAFs
CID3946_AGATGCTGTGGTTTGT,CID3946,593,370,4.72175379426644,TNBC,CAFs myCAF like s5,CAFs myCAF-like,CAFs
CID3946_AGGAGGTGTCTCCTGT,CID3946,701,485,2.28245363766049,TNBC,CAFs myCAF like s5,CAFs myCAF-like,CAFs
CID3946_CCCTTAGGTCGATGCC,CID3946,1159,675,4.22778257118205,TNBC,CAFs myCAF like s5,CAFs myCAF-like,CAFs
CID3946_CCTATCGAGGTGCCTC,CID3946,503,367,1.98807157057654,TNBC,CAFs myCAF like s5,CAFs myCAF-like,CAFs
CID3946_CTCATTACAGCCTATA,CID3946,955,561,3.7696335078534,TNBC,CAFs myCAF like s5,CAFs myCAF-like,CAFs
CID3946_GATTCGATCCTCTGCA,CID3946,720,485,4.02777777777778,TNBC,CAFs myCAF like s5,CAFs myCAF-like,CAFs
CID3946_GGGTGAAAGAAACTGT,CID3946,376,290,0.797872340425532,TNBC,CAFs myCAF like s5,CAFs myCAF-like,CAFs
CID3946_GTCCCATGTAGCACAG,CID3946,782,508,1.91815856777494,TNBC,CAFs myCAF like s5,CAFs myCAF-like,CAFs
CID3946_GTGTAACAGGCTCCCA,CID3946,643,453,3.88802488335925,TNBC,CAFs myCAF like s5,CAFs myCAF-like,CAFs
CID3946_GTTCCGTAGTGAGGTC,CID3946,1571,811,15.0859325270528,TNBC,CAFs myCAF like s5,CAFs myCAF-like,CAFs
CID3946_TAACCAGAGTCATGAA,CID3946,800,514,3.75,TNBC,CAFs myCAF like s5,CAFs myCAF-like,CAFs
CID3946_TATATCCGTCGAGCTC,CID3946,806,488,4.59057071960298,TNBC,CAFs myCAF like s5,CAFs myCAF-like,CAFs
CID3946_TCCGTGTCACTGAATC,CID3946,1442,777,1.94174757281553,TNBC,CAFs myCAF like s5,CAFs myCAF-like,CAFs
CID3946_TCCTCTTGTATTCCTT,CID3946,971,621,2.26570545829042,TNBC,CAFs myCAF like s5,CAFs myCAF-like,CAFs
CID3946_TCCTGCAAGAACTTCC,CID3946,1126,718,3.99644760213144,TNBC,CAFs myCAF like s5,CAFs myCAF-like,CAFs
CID3946_TGGGCGTTCTGCACCT,CID3946,1257,714,1.43198090692124,TNBC,CAFs myCAF like s5,CAFs myCAF-like,CAFs
CID3946_TTCAGGATCAGGGATG,CID3946,883,576,6.90826727066818,TNBC,CAFs myCAF like s5,CAFs myCAF-like,CAFs
CID3946_TTTAGTCTCCGTGCGA,CID3946,654,444,5.19877675840979,TNBC,CAFs myCAF like s5,CAFs myCAF-like,CAFs
CID3946_TGAGACTAGCATCCTA,CID3946,2038,938,1.66830225711482,TNBC,CAFs myCAF like s5,CAFs myCAF-like,CAFs
CID3946_AAACCCACAAATTAGG,CID3946,932,554,1.28755364806867,TNBC,PVL Differentiated s3,PVL Differentiated,PVL
CID3946_AAATGGATCCGAACGC,CID3946,671,411,6.25931445603577,TNBC,PVL Differentiated s3,PVL Differentiated,PVL
CID3946_AACAAAGAGACGTCCC,CID3946,575,381,6.95652173913043,TNBC,PVL Differentiated s3,PVL Differentiated,PVL
CID3946_AACCATGGTAACATCC,CID3946,2984,1185,9.24932975871314,TNBC,PVL Differentiated s3,PVL Differentiated,PVL
CID3946_AACGTCAAGTCGAAAT,CID3946,621,372,10.4669887278583,TNBC,PVL Differentiated s3,PVL Differentiated,PVL
CID3946_AAGACAAGTCCTCATC,CID3946,699,418,12.0171673819742,TNBC,PVL Differentiated s3,PVL Differentiated,PVL
CID3946_AAGTACCGTCATCTAG,CID3946,1042,554,7.58157389635317,TNBC,PVL Differentiated s3,PVL Differentiated,PVL
CID3946_AATCGACAGTAACGAT,CID3946,793,466,17.6544766708701,TNBC,PVL Differentiated s3,PVL Differentiated,PVL
CID3946_AATTTCCTCCGCGGAT,CID3946,1706,772,8.55803048065651,TNBC,PVL Differentiated s3,PVL Differentiated,PVL
CID3946_ACAACCAGTTTGTGGT,CID3946,661,417,5.59757942511346,TNBC,PVL Differentiated s3,PVL Differentiated,PVL
CID3946_ACAGCCGAGGCATGGT,CID3946,2467,1031,19.4973652209161,TNBC,PVL Differentiated s3,PVL Differentiated,PVL
CID3946_ACATGCATCTATTGTC,CID3946,750,462,6.8,TNBC,PVL Differentiated s3,PVL Differentiated,PVL
CID3946_ACCGTTCCAGTCGAGA,CID3946,442,317,2.71493212669683,TNBC,PVL Differentiated s3,PVL Differentiated,PVL
CID3946_ACCTGAAAGTGTTGTC,CID3946,1215,636,15.8024691358025,TNBC,PVL Differentiated s3,PVL Differentiated,PVL
CID3946_ACGGGTCTCCATCTAT,CID3946,667,428,2.39880059970015,TNBC,PVL Differentiated s3,PVL Differentiated,PVL
CID3946_ACGTAGTTCAACCGAT,CID3946,1462,674,12.9958960328317,TNBC,PVL Differentiated s3,PVL Differentiated,PVL
CID3946_ACGTTCCAGACAACAT,CID3946,1422,704,6.18846694796062,TNBC,PVL Differentiated s3,PVL Differentiated,PVL
CID3946_ACTATCTAGCCAACCC,CID3946,747,442,8.70147255689424,TNBC,PVL Differentiated s3,PVL Differentiated,PVL
CID3946_ACTGTCCAGCAGGTCA,CID3946,608,371,12.6644736842105,TNBC,PVL Differentiated s3,PVL Differentiated,PVL
CID3946_ACTTAGGGTAGATGTA,CID3946,705,412,9.07801418439716,TNBC,PVL Differentiated s3,PVL Differentiated,PVL
CID3946_AGAGAATGTACCGTGC,CID3946,1024,556,11.328125,TNBC,PVL Differentiated s3,PVL Differentiated,PVL
CID3946_AGAGCCCGTACTCGAT,CID3946,3675,1456,11.0204081632653,TNBC,PVL Differentiated s3,PVL Differentiated,PVL
CID3946_AGCGCCACAATTGTGC,CID3946,966,515,8.48861283643892,TNBC,PVL Differentiated s3,PVL Differentiated,PVL
CID3946_AGCGCCACAGGTGTTT,CID3946,1332,688,11.3363363363363,TNBC,PVL Differentiated s3,PVL Differentiated,PVL
CID3946_AGCTACATCACTAGCA,CID3946,1048,543,2.76717557251908,TNBC,PVL Differentiated s3,PVL Differentiated,PVL
CID3946_AGGGTCCGTTGGTGTT,CID3946,921,563,7.05754614549403,TNBC,PVL Differentiated s3,PVL Differentiated,PVL
CID3946_ATACCGAGTTTCGATG,CID3946,534,332,10.8614232209738,TNBC,PVL Differentiated s3,PVL Differentiated,PVL
CID3946_ATGACCATCTGTGCTC,CID3946,1510,724,11.1920529801325,TNBC,PVL Differentiated s3,PVL Differentiated,PVL
CID3946_ATTCACTTCCATCGTC,CID3946,1502,774,8.38881491344874,TNBC,PVL Differentiated s3,PVL Differentiated,PVL
CID3946_ATTCACTTCTCGTTTA,CID3946,862,478,2.43619489559165,TNBC,PVL Differentiated s3,PVL Differentiated,PVL
CID3946_ATTCCTAAGATGAATC,CID3946,992,543,1.41129032258065,TNBC,PVL Differentiated s3,PVL Differentiated,PVL
CID3946_CACGAATAGGTTAGTA,CID3946,1233,631,10.4622871046229,TNBC,PVL Differentiated s3,PVL Differentiated,PVL
CID3946_CATACCCGTGCCTGAC,CID3946,650,407,3.23076923076923,TNBC,PVL Differentiated s3,PVL Differentiated,PVL
CID3946_CATAGACCACCGCTGA,CID3946,1519,759,12.771560236998,TNBC,PVL Differentiated s3,PVL Differentiated,PVL
CID3946_CCACAAACACTGGCCA,CID3946,1489,706,13.9019476158496,TNBC,PVL Differentiated s3,PVL Differentiated,PVL
CID3946_CCACCATGTCGAGTTT,CID3946,1391,679,16.1754133716751,TNBC,PVL Differentiated s3,PVL Differentiated,PVL
CID3946_CCGATGGGTGCCTAAT,CID3946,1347,658,13.8827023014105,TNBC,PVL Differentiated s3,PVL Differentiated,PVL
CID3946_CCTCCAAGTGTTAGCT,CID3946,4537,1611,18.0515759312321,TNBC,PVL Differentiated s3,PVL Differentiated,PVL
CID3946_CCTTCAGTCATTTCCA,CID3946,904,491,5.08849557522124,TNBC,PVL Differentiated s3,PVL Differentiated,PVL
CID3946_CGAAGGAAGGATTCCT,CID3946,1122,581,9.80392156862745,TNBC,PVL Differentiated s3,PVL Differentiated,PVL
CID3946_CGGAATTAGAACAGGA,CID3946,3395,1331,10.3387334315169,TNBC,PVL Differentiated s3,PVL Differentiated,PVL
CID3946_CGGCAGTGTAAGGCTG,CID3946,690,400,13.768115942029,TNBC,PVL Differentiated s3,PVL Differentiated,PVL
CID3946_CGGGTCACACCGCTAG,CID3946,1330,682,14.4360902255639,TNBC,PVL Differentiated s3,PVL Differentiated,PVL
CID3946_CGTCAAAGTATTGGCT,CID3946,1335,672,7.56554307116105,TNBC,PVL Differentiated s3,PVL Differentiated,PVL
CID3946_CTACCCAGTAGTTACC,CID3946,3628,1419,5.45755237045204,TNBC,PVL Differentiated s3,PVL Differentiated,PVL
CID3946_CTCCCTCGTACTGGGA,CID3946,749,424,5.87449933244326,TNBC,PVL Differentiated s3,PVL Differentiated,PVL
CID3946_CTCCCTCGTATGTCAC,CID3946,2559,1267,9.49589683470106,TNBC,PVL Differentiated s3,PVL Differentiated,PVL
CID3946_CTGCCTACAGCGGTTC,CID3946,1047,564,5.34861509073543,TNBC,PVL Differentiated s3,PVL Differentiated,PVL
CID3946_CTTACCGAGGTTGACG,CID3946,905,499,17.2375690607735,TNBC,PVL Differentiated s3,PVL Differentiated,PVL
CID3946_GAAGGACCACCATTCC,CID3946,1873,876,3.79071009076348,TNBC,PVL Differentiated s3,PVL Differentiated,PVL
CID3946_GACTCAATCTCTGGTC,CID3946,1383,652,6.57989877078814,TNBC,PVL Differentiated s3,PVL Differentiated,PVL
CID3946_GATGACTGTGTAAATG,CID3946,1677,744,19.3202146690519,TNBC,PVL Differentiated s3,PVL Differentiated,PVL
CID3946_GCAACATAGTGGCCTC,CID3946,3018,1270,5.69913850231942,TNBC,PVL Differentiated s3,PVL Differentiated,PVL
CID3946_GTAGATCGTCTTCTAT,CID3946,3689,1381,7.88831661696937,TNBC,PVL Differentiated s3,PVL Differentiated,PVL
CID3946_GTCTCACTCATGCAGT,CID3946,2055,948,4.23357664233577,TNBC,PVL Differentiated s3,PVL Differentiated,PVL
CID3946_GTGCACGTCTTGGATG,CID3946,5216,1809,11.8481595092025,TNBC,PVL Differentiated s3,PVL Differentiated,PVL
CID3946_GTTAGTGTCGCTCATC,CID3946,907,475,14.0022050716648,TNBC,PVL Differentiated s3,PVL Differentiated,PVL
CID3946_GTTCATTGTCACTCGG,CID3946,1121,608,8.028545941124,TNBC,PVL Differentiated s3,PVL Differentiated,PVL
CID3946_GTTGCGGGTTCCACGG,CID3946,1147,594,12.0313862249346,TNBC,PVL Differentiated s3,PVL Differentiated,PVL
CID3946_TAAGCCAAGCAAACAT,CID3946,713,447,1.82328190743338,TNBC,PVL Differentiated s3,PVL Differentiated,PVL
CID3946_TATATCCCAGCATTGT,CID3946,1781,804,5.50252667040988,TNBC,PVL Differentiated s3,PVL Differentiated,PVL
CID3946_TCACGCTCAGAGTGAC,CID3946,986,527,9.33062880324544,TNBC,PVL Differentiated s3,PVL Differentiated,PVL
CID3946_TCATTCAAGGCGAAGG,CID3946,1411,699,19.1353649893692,TNBC,PVL Differentiated s3,PVL Differentiated,PVL
CID3946_TCCGATCTCATTACCT,CID3946,3073,1191,6.28050764725024,TNBC,PVL Differentiated s3,PVL Differentiated,PVL
CID3946_TCCTCCCAGTATAGAC,CID3946,1033,575,3.48499515972895,TNBC,PVL Differentiated s3,PVL Differentiated,PVL
CID3946_TGCAGGCTCAAATGCC,CID3946,1877,908,4.47522642514651,TNBC,PVL Differentiated s3,PVL Differentiated,PVL
CID3946_TGGGCTGGTTGGCCTG,CID3946,1016,538,10.6299212598425,TNBC,PVL Differentiated s3,PVL Differentiated,PVL
CID3946_TGGTTAGTCTGGCCTT,CID3946,848,503,4.12735849056604,TNBC,PVL Differentiated s3,PVL Differentiated,PVL
CID3946_TTCACCGTCCGCACGA,CID3946,2456,1015,5.94462540716612,TNBC,PVL Differentiated s3,PVL Differentiated,PVL
CID3946_TTGCTGCTCGTTCATT,CID3946,2751,1068,14.9763722282806,TNBC,PVL Differentiated s3,PVL Differentiated,PVL
CID3946_ACCAACAGTGTTTGCA,CID3946,374,238,4.81283422459893,TNBC,PVL Differentiated s3,PVL Differentiated,PVL
CID3946_ATAGAGACAGTCGCAC,CID3946,492,307,6.09756097560976,TNBC,PVL Differentiated s3,PVL Differentiated,PVL
CID3946_CGAATTGTCGTTTACT,CID3946,979,544,12.0531154239019,TNBC,PVL Differentiated s3,PVL Differentiated,PVL
CID3946_CGTCCATCAATGCTCA,CID3946,418,300,1.91387559808612,TNBC,PVL Differentiated s3,PVL Differentiated,PVL
CID3946_GCAGCTGGTGGATTTC,CID3946,21929,4401,7.84805508687127,TNBC,PVL Differentiated s3,PVL Differentiated,PVL
CID3946_AACAAAGTCGGAGATG,CID3946,360,232,9.44444444444444,TNBC,PVL Differentiated s3,PVL Differentiated,PVL
CID3946_AACCTGAGTTCTCCAC,CID3946,415,277,4.33734939759036,TNBC,PVL Differentiated s3,PVL Differentiated,PVL
CID3946_AAGAACATCGGTCAGC,CID3946,293,207,6.8259385665529,TNBC,PVL Differentiated s3,PVL Differentiated,PVL
CID3946_AAGCCATAGAAACTAC,CID3946,465,324,6.02150537634409,TNBC,PVL Differentiated s3,PVL Differentiated,PVL
CID3946_AAGGAATGTGAGATCG,CID3946,829,441,16.767189384801,TNBC,PVL Differentiated s3,PVL Differentiated,PVL
CID3946_AATTCCTTCCCTTGGT,CID3946,309,207,6.14886731391586,TNBC,PVL Differentiated s3,PVL Differentiated,PVL
CID3946_ACATCCCCACAGCTTA,CID3946,546,359,8.42490842490843,TNBC,PVL Differentiated s3,PVL Differentiated,PVL
CID3946_ACATGCACAACGACTT,CID3946,346,247,3.75722543352601,TNBC,PVL Differentiated s3,PVL Differentiated,PVL
CID3946_ACCTACCGTATCCTTT,CID3946,610,352,2.29508196721311,TNBC,PVL Differentiated s3,PVL Differentiated,PVL
CID3946_ACTATTCCAGGTTCGC,CID3946,303,221,1.98019801980198,TNBC,PVL Differentiated s3,PVL Differentiated,PVL
CID3946_ACTTATCGTATCCTCC,CID3946,542,350,6.82656826568266,TNBC,PVL Differentiated s3,PVL Differentiated,PVL
CID3946_AGAAGCGTCGTTCATT,CID3946,1133,501,16.504854368932,TNBC,PVL Differentiated s3,PVL Differentiated,PVL
CID3946_AGCCACGAGGAACGCT,CID3946,286,209,8.04195804195804,TNBC,PVL Differentiated s3,PVL Differentiated,PVL
CID3946_AGCTCAACAACTGCCG,CID3946,585,395,3.41880341880342,TNBC,PVL Differentiated s3,PVL Differentiated,PVL
CID3946_AGTTCGAGTATGCGGA,CID3946,370,274,1.89189189189189,TNBC,PVL Differentiated s3,PVL Differentiated,PVL
CID3946_ATCGGATCAGGTTCGC,CID3946,649,405,9.70724191063174,TNBC,PVL Differentiated s3,PVL Differentiated,PVL
CID3946_ATGAAAGTCATGAAAG,CID3946,373,240,15.5495978552279,TNBC,PVL Differentiated s3,PVL Differentiated,PVL
CID3946_CAATCGATCGATACGT,CID3946,371,227,12.1293800539084,TNBC,PVL Differentiated s3,PVL Differentiated,PVL
CID3946_CACCAAAGTGACGTCC,CID3946,392,283,2.29591836734694,TNBC,PVL Differentiated s3,PVL Differentiated,PVL
CID3946_CACGTTCAGATTGCGG,CID3946,959,517,17.4139728884254,TNBC,PVL Differentiated s3,PVL Differentiated,PVL
CID3946_CAGTGCGAGCTGAGTG,CID3946,343,252,5.53935860058309,TNBC,PVL Differentiated s3,PVL Differentiated,PVL
CID3946_CATCGCTAGGGCAACT,CID3946,638,401,2.19435736677116,TNBC,PVL Differentiated s3,PVL Differentiated,PVL
CID3946_CATTCCGAGATAACAC,CID3946,417,272,10.7913669064748,TNBC,PVL Differentiated s3,PVL Differentiated,PVL
CID3946_CATTGAGCAGTTGGTT,CID3946,578,298,19.3771626297578,TNBC,PVL Differentiated s3,PVL Differentiated,PVL
CID3946_CCACCATTCCACGTCT,CID3946,468,280,3.2051282051282,TNBC,PVL Differentiated s3,PVL Differentiated,PVL
CID3946_CCCTCAATCACTTTGT,CID3946,259,202,3.47490347490348,TNBC,PVL Differentiated s3,PVL Differentiated,PVL
CID3946_CCGGGTAGTTATGTGC,CID3946,481,290,15.1767151767152,TNBC,PVL Differentiated s3,PVL Differentiated,PVL
CID3946_CCTCTAGCACGATTCA,CID3946,386,270,4.40414507772021,TNBC,PVL Differentiated s3,PVL Differentiated,PVL
CID3946_CCTCTCCGTCGGATTT,CID3946,805,467,7.82608695652174,TNBC,PVL Differentiated s3,PVL Differentiated,PVL
CID3946_CCTGCATTCTGGCCAG,CID3946,295,223,2.03389830508475,TNBC,PVL Differentiated s3,PVL Differentiated,PVL
CID3946_CGAAGGAGTTTACCAG,CID3946,464,303,15.301724137931,TNBC,PVL Differentiated s3,PVL Differentiated,PVL
CID3946_CGTAATGGTCGAACAG,CID3946,300,208,7,TNBC,PVL Differentiated s3,PVL Differentiated,PVL
CID3946_CTGGACGGTCCTATAG,CID3946,304,216,4.27631578947368,TNBC,PVL Differentiated s3,PVL Differentiated,PVL
CID3946_CTGTATTAGGCCACCT,CID3946,317,216,3.78548895899054,TNBC,PVL Differentiated s3,PVL Differentiated,PVL
CID3946_GAACACTCATCTCGTC,CID3946,501,327,7.38522954091816,TNBC,PVL Differentiated s3,PVL Differentiated,PVL
CID3946_GACCCAGTCGCGGTAC,CID3946,453,329,3.09050772626932,TNBC,PVL Differentiated s3,PVL Differentiated,PVL
CID3946_GACCTTCTCCGTTGAA,CID3946,561,338,8.02139037433155,TNBC,PVL Differentiated s3,PVL Differentiated,PVL
CID3946_GACGCTGAGTGGCGAT,CID3946,330,231,13.3333333333333,TNBC,PVL Differentiated s3,PVL Differentiated,PVL
CID3946_GAGACTTCAGCTTCCT,CID3946,383,246,3.91644908616188,TNBC,PVL Differentiated s3,PVL Differentiated,PVL
CID3946_GAGGGTACATCCTCAC,CID3946,525,342,7.80952380952381,TNBC,PVL Differentiated s3,PVL Differentiated,PVL
CID3946_GAGTTTGCAAGCCCAC,CID3946,313,238,1.2779552715655,TNBC,PVL Differentiated s3,PVL Differentiated,PVL
CID3946_GATCGTACAACGGTAG,CID3946,502,344,3.38645418326693,TNBC,PVL Differentiated s3,PVL Differentiated,PVL
CID3946_GATGACTTCATTGCCC,CID3946,1025,547,10.8292682926829,TNBC,PVL Differentiated s3,PVL Differentiated,PVL
CID3946_GCAACATCATCGGCCA,CID3946,527,335,7.40037950664137,TNBC,PVL Differentiated s3,PVL Differentiated,PVL
CID3946_GCACGTGTCGCTATTT,CID3946,301,229,3.98671096345515,TNBC,PVL Differentiated s3,PVL Differentiated,PVL
CID3946_GCCAGGTCACCGGTCA,CID3946,348,231,5.17241379310345,TNBC,PVL Differentiated s3,PVL Differentiated,PVL
CID3946_GCCAGTGCAGTCAGTT,CID3946,356,232,14.0449438202247,TNBC,PVL Differentiated s3,PVL Differentiated,PVL
CID3946_GCCCAGACACTCGATA,CID3946,295,235,7.45762711864407,TNBC,PVL Differentiated s3,PVL Differentiated,PVL
CID3946_GCTTTCGAGGCACTAG,CID3946,687,391,8.44250363901019,TNBC,PVL Differentiated s3,PVL Differentiated,PVL
CID3946_GGGACTCAGTTCATCG,CID3946,574,361,7.49128919860627,TNBC,PVL Differentiated s3,PVL Differentiated,PVL
CID3946_GGGATGAAGTCACACT,CID3946,470,317,2.5531914893617,TNBC,PVL Differentiated s3,PVL Differentiated,PVL
CID3946_GGGCTACCATGTCGTA,CID3946,732,422,14.344262295082,TNBC,PVL Differentiated s3,PVL Differentiated,PVL
CID3946_GGGTGTCGTCTTGCGG,CID3946,348,262,3.16091954022989,TNBC,PVL Differentiated s3,PVL Differentiated,PVL
CID3946_GGGTTTAAGTGGATAT,CID3946,587,387,5.11073253833049,TNBC,PVL Differentiated s3,PVL Differentiated,PVL
CID3946_GGTCTGGCAAATAAGC,CID3946,434,289,2.76497695852535,TNBC,PVL Differentiated s3,PVL Differentiated,PVL
CID3946_GGTTAACAGCCTATCA,CID3946,1034,558,9.18762088974855,TNBC,PVL Differentiated s3,PVL Differentiated,PVL
CID3946_GTAATCGAGATTGACA,CID3946,385,271,5.71428571428571,TNBC,PVL Differentiated s3,PVL Differentiated,PVL
CID3946_GTCGTTCTCTAGATCG,CID3946,491,322,6.92464358452139,TNBC,PVL Differentiated s3,PVL Differentiated,PVL
CID3946_TAACGACTCACGTCCT,CID3946,640,415,7.5,TNBC,PVL Differentiated s3,PVL Differentiated,PVL
CID3946_TAACTTCCACTGAGGA,CID3946,345,241,5.50724637681159,TNBC,PVL Differentiated s3,PVL Differentiated,PVL
CID3946_TACACCCGTGGATTTC,CID3946,445,298,8.53932584269663,TNBC,PVL Differentiated s3,PVL Differentiated,PVL
CID3946_TACTTACAGTACTGTC,CID3946,782,464,9.71867007672634,TNBC,PVL Differentiated s3,PVL Differentiated,PVL
CID3946_TACTTACGTAGACGGT,CID3946,998,551,8.01603206412826,TNBC,PVL Differentiated s3,PVL Differentiated,PVL
CID3946_TAGCACAAGATGGTAT,CID3946,757,443,14.2668428005284,TNBC,PVL Differentiated s3,PVL Differentiated,PVL
CID3946_TATCGCCCAAATGGAT,CID3946,744,378,17.8763440860215,TNBC,PVL Differentiated s3,PVL Differentiated,PVL
CID3946_TATGTTCAGGGCCCTT,CID3946,698,362,8.73925501432665,TNBC,PVL Differentiated s3,PVL Differentiated,PVL
CID3946_TCACAAGTCACCGGTG,CID3946,889,483,11.5860517435321,TNBC,PVL Differentiated s3,PVL Differentiated,PVL
CID3946_TCACTCGAGAGCAAGA,CID3946,533,327,8.81801125703565,TNBC,PVL Differentiated s3,PVL Differentiated,PVL
CID3946_TCAGGGCGTCCATCTC,CID3946,1531,626,15.088177661659,TNBC,PVL Differentiated s3,PVL Differentiated,PVL
CID3946_TCAGTCCTCTTGGATG,CID3946,412,289,9.46601941747573,TNBC,PVL Differentiated s3,PVL Differentiated,PVL
CID3946_TCATCCGGTGCCTATA,CID3946,1159,611,1.38050043140638,TNBC,PVL Differentiated s3,PVL Differentiated,PVL
CID3946_TCATGCCTCTAGTACG,CID3946,333,206,3.3033033033033,TNBC,PVL Differentiated s3,PVL Differentiated,PVL
CID3946_TCATTTGTCTAGATCG,CID3946,697,403,10.4734576757532,TNBC,PVL Differentiated s3,PVL Differentiated,PVL
CID3946_TCCGGGAAGGGAGATA,CID3946,401,285,3.99002493765586,TNBC,PVL Differentiated s3,PVL Differentiated,PVL
CID3946_TCCTCTTCAGAGACTG,CID3946,307,223,5.21172638436482,TNBC,PVL Differentiated s3,PVL Differentiated,PVL
CID3946_TCCTTTCCACTCTAGA,CID3946,414,250,2.17391304347826,TNBC,PVL Differentiated s3,PVL Differentiated,PVL
CID3946_TCGAACATCGATCCCT,CID3946,280,209,1.42857142857143,TNBC,PVL Differentiated s3,PVL Differentiated,PVL
CID3946_TCTACCGTCTTACCGC,CID3946,759,459,0.263504611330698,TNBC,PVL Differentiated s3,PVL Differentiated,PVL
CID3946_TCTGCCATCCGAGGCT,CID3946,320,216,1.875,TNBC,PVL Differentiated s3,PVL Differentiated,PVL
CID3946_TGACCCTTCTGCTGAA,CID3946,532,347,7.33082706766917,TNBC,PVL Differentiated s3,PVL Differentiated,PVL
CID3946_TGCATCCAGACCCGCT,CID3946,1429,712,11.5465360391882,TNBC,PVL Differentiated s3,PVL Differentiated,PVL
CID3946_TGCCGAGCAGACGATG,CID3946,372,265,5.10752688172043,TNBC,PVL Differentiated s3,PVL Differentiated,PVL
CID3946_TGCGACGGTTGAGTCT,CID3946,613,372,18.1076672104405,TNBC,PVL Differentiated s3,PVL Differentiated,PVL
CID3946_TGGGAGAAGCTGAGCA,CID3946,1125,584,13.2444444444444,TNBC,PVL Differentiated s3,PVL Differentiated,PVL
CID3946_TGGTAGTGTCGTCTCT,CID3946,586,313,10.9215017064846,TNBC,PVL Differentiated s3,PVL Differentiated,PVL
CID3946_TGGTGATTCCATCGTC,CID3946,276,203,3.6231884057971,TNBC,PVL Differentiated s3,PVL Differentiated,PVL
CID3946_TGTAACGAGAGTTGAT,CID3946,559,348,11.4490161001789,TNBC,PVL Differentiated s3,PVL Differentiated,PVL
CID3946_TGTGTGAGTGAGGAAA,CID3946,489,312,12.4744376278119,TNBC,PVL Differentiated s3,PVL Differentiated,PVL
CID3946_TTCATTGTCACCTTAT,CID3946,375,265,4.26666666666667,TNBC,PVL Differentiated s3,PVL Differentiated,PVL
CID3946_TTCCTCTTCATAGCAC,CID3946,580,316,3.27586206896552,TNBC,PVL Differentiated s3,PVL Differentiated,PVL
CID3946_TTCGCTGAGTGCACAG,CID3946,599,376,4.67445742904841,TNBC,PVL Differentiated s3,PVL Differentiated,PVL
CID3946_TTCTTGAAGTGGTCAG,CID3946,544,353,12.5,TNBC,PVL Differentiated s3,PVL Differentiated,PVL
CID3946_TTCTTGAGTCAGGTAG,CID3946,422,293,4.02843601895735,TNBC,PVL Differentiated s3,PVL Differentiated,PVL
CID3946_TTGGGTATCTATCGCC,CID3946,493,311,9.73630831643002,TNBC,PVL Differentiated s3,PVL Differentiated,PVL
CID3946_TTTAGTCAGACCTTTG,CID3946,342,245,1.75438596491228,TNBC,PVL Differentiated s3,PVL Differentiated,PVL
CID3946_TTTAGTCGTATTCTCT,CID3946,724,462,7.59668508287293,TNBC,PVL Differentiated s3,PVL Differentiated,PVL
CID3946_AGTTCCCCAAACACGG,CID3946,1570,747,9.87261146496815,TNBC,PVL Differentiated s3,PVL Differentiated,PVL
CID3946_GTGAGTTTCTCTAGGA,CID3946,988,584,5.46558704453441,TNBC,PVL Differentiated s3,PVL Differentiated,PVL
CID3946_CAGTTAGAGCAACCAG,CID3946,331,247,3.92749244712991,TNBC,PVL Differentiated s3,PVL Differentiated,PVL
CID3946_GTCCCATCACAGGATG,CID3946,604,427,0.827814569536424,TNBC,PVL Differentiated s3,PVL Differentiated,PVL
CID3946_CATGCTCCAACAGATA,CID3946,571,366,2.1015761821366,TNBC,PVL_Immature s2,PVL Immature,PVL
CID3946_TACGTCCCATGCCGGT,CID3946,510,351,3.13725490196078,TNBC,PVL_Immature s2,PVL Immature,PVL
CID3946_ATTATCCCACCCAACG,CID3946,3783,1533,8.61749933914882,TNBC,PVL_Immature s2,PVL Immature,PVL
CID3946_CCTCAACTCAGCCTTC,CID3946,1286,679,2.17729393468118,TNBC,PVL_Immature s2,PVL Immature,PVL
CID3946_CGACAGCCAAGTATAG,CID3946,325,255,3.07692307692308,TNBC,PVL_Immature s2,PVL Immature,PVL
CID3946_CTCCACAGTCCGAAAG,CID3946,984,606,3.04878048780488,TNBC,PVL_Immature s2,PVL Immature,PVL
CID3946_GCCAACGTCTTTCTAG,CID3946,629,424,2.22575516693164,TNBC,PVL_Immature s2,PVL Immature,PVL
CID3946_GGCTTGGGTTGTCTAG,CID3946,734,432,4.08719346049046,TNBC,PVL_Immature s2,PVL Immature,PVL
CID3946_TGCAGTAGTAGTATAG,CID3946,610,378,2.78688524590164,TNBC,PVL_Immature s2,PVL Immature,PVL
CID3946_ATTCCTATCACACCCT,CID3946,4576,1706,5.65996503496504,TNBC,PVL_Immature s2,PVL Immature,PVL
CID3946_GACTGATTCCGCAGTG,CID3946,67560,8299,3.4384251036116,TNBC,PVL Immature s1,PVL Immature,PVL
CID3946_CATCGCTAGGTGGTTG,CID3946,345,273,3.47826086956522,TNBC,PVL Immature s1,PVL Immature,PVL
CID3946_AAACGCTCACGGTGTC,CID3946,514,362,0.972762645914397,TNBC,PVL Immature s1,PVL Immature,PVL
CID3946_ATGAGTCCATTGCCTC,CID3946,1039,699,2.11742059672762,TNBC,PVL Immature s1,PVL Immature,PVL
CID3946_CTGTGGGCATGAATCC,CID3946,871,599,2.98507462686567,TNBC,PVL Immature s1,PVL Immature,PVL
CID3946_TTGTGTTAGCGCAATG,CID3946,466,309,5.36480686695279,TNBC,PVL Immature s1,PVL Immature,PVL
CID3946_CATGCTCCAGCTGCCA,CID3946,1216,614,2.71381578947368,TNBC,PVL Immature s1,PVL Immature,PVL
CID3946_CCGTAGGTCATTCTTG,CID3946,622,390,5.62700964630225,TNBC,PVL Immature s1,PVL Immature,PVL
CID3946_CGCGTGACAGGGTCTC,CID3946,1267,626,18.9423835832676,TNBC,PVL Immature s1,PVL Immature,PVL
CID3946_TGTGATGGTCTTTATC,CID3946,1037,600,10.3182256509161,TNBC,PVL Immature s1,PVL Immature,PVL
CID3946_TCTAACTAGCGGTATG,CID3946,474,325,4.0084388185654,TNBC,PVL Immature s1,PVL Immature,PVL
CID3946_AAGCCATCATAGTCAC,CID3946,2323,1036,2.1093413689195,TNBC,PVL Immature s1,PVL Immature,PVL
CID3946_GGTGATTGTTGCCTAA,CID3946,2724,1226,3.37738619676946,TNBC,PVL Immature s1,PVL Immature,PVL
CID3946_AGCGCCATCCTTATCA,CID3946,545,376,5.13761467889908,TNBC,PVL Immature s1,PVL Immature,PVL
CID3946_AGGCATTAGCACACCC,CID3946,1549,755,5.74564234990316,TNBC,PVL Immature s1,PVL Immature,PVL
CID3946_CAAGGGAAGCACCCAC,CID3946,431,340,3.01624129930394,TNBC,PVL Immature s1,PVL Immature,PVL
CID3946_CAGCAGCTCAGCTGAT,CID3946,853,501,6.68229777256741,TNBC,PVL Immature s1,PVL Immature,PVL
CID3946_CATCGGGAGGAAACGA,CID3946,841,545,4.63733650416171,TNBC,PVL Immature s1,PVL Immature,PVL
CID3946_CATCGTCAGTAGATCA,CID3946,536,372,1.11940298507463,TNBC,PVL Immature s1,PVL Immature,PVL
CID3946_CATGCTCAGTAGGAAG,CID3946,533,366,3.75234521575985,TNBC,PVL Immature s1,PVL Immature,PVL
CID3946_CCCATTGGTATGAGGC,CID3946,739,488,4.46549391069012,TNBC,PVL Immature s1,PVL Immature,PVL
CID3946_CCTTTGGCACCTCGTT,CID3946,799,509,1.12640801001252,TNBC,PVL Immature s1,PVL Immature,PVL
CID3946_CGATGCGTCCTGCTAC,CID3946,567,387,2.46913580246914,TNBC,PVL Immature s1,PVL Immature,PVL
CID3946_CTCGAGGGTCCATAGT,CID3946,1708,744,13.7587822014052,TNBC,PVL Immature s1,PVL Immature,PVL
CID3946_CTGTATTTCAATCCGA,CID3946,1259,730,3.33598093725179,TNBC,PVL Immature s1,PVL Immature,PVL
CID3946_CTTGATTAGTTATGGA,CID3946,717,428,4.74198047419805,TNBC,PVL Immature s1,PVL Immature,PVL
CID3946_GAGTGTTAGAAGAACG,CID3946,520,345,4.42307692307692,TNBC,PVL Immature s1,PVL Immature,PVL
CID3946_GAGTTGTCAATGTCAC,CID3946,660,438,4.54545454545455,TNBC,PVL Immature s1,PVL Immature,PVL
CID3946_GGACGTCGTCAGTCCG,CID3946,694,458,4.61095100864553,TNBC,PVL Immature s1,PVL Immature,PVL
CID3946_GGCTTTCCACCCTAGG,CID3946,789,488,1.39416983523447,TNBC,PVL Immature s1,PVL Immature,PVL
CID3946_GTAGGAGCAACTCCCT,CID3946,642,389,3.58255451713396,TNBC,PVL Immature s1,PVL Immature,PVL
CID3946_GTGACGCGTGATGGCA,CID3946,1357,708,10.759027266028,TNBC,PVL Immature s1,PVL Immature,PVL
CID3946_TAATCTCAGTATGTAG,CID3946,492,340,7.11382113821138,TNBC,PVL Immature s1,PVL Immature,PVL
CID3946_TACGCTCGTTAACAGA,CID3946,890,481,6.06741573033708,TNBC,PVL Immature s1,PVL Immature,PVL
CID3946_TCCCACATCCTCTAAT,CID3946,1943,954,1.69840452907874,TNBC,PVL Immature s1,PVL Immature,PVL
CID3946_TCGGTCTGTTACCGTA,CID3946,643,404,6.68740279937792,TNBC,PVL Immature s1,PVL Immature,PVL
CID3946_TGATCTTTCTACAGGT,CID3946,806,520,1.98511166253102,TNBC,PVL Immature s1,PVL Immature,PVL
CID3946_TTACAGGAGTGACCTT,CID3946,1016,639,4.82283464566929,TNBC,PVL Immature s1,PVL Immature,PVL
CID3946_GATTGGTCAGAGTTCT,CID3946,17772,4444,7.10668467251857,TNBC,PVL Immature s1,PVL Immature,PVL
CID3946_ATTCTACGTATGCAAA,CID3946,1593,770,15.8819836785938,TNBC,PVL Immature s1,PVL Immature,PVL
CID3946_ATTTCACTCTGAGGCC,CID3946,1360,693,16.9852941176471,TNBC,PVL Immature s1,PVL Immature,PVL
CID3946_CATTGCCGTCGCACAC,CID3946,570,378,8.24561403508772,TNBC,PVL Immature s1,PVL Immature,PVL
CID3946_CCACACTAGGCACAAC,CID3946,498,353,3.21285140562249,TNBC,PVL Immature s1,PVL Immature,PVL
CID3946_CTCTCAGTCTCACCCA,CID3946,1181,699,5.75783234546994,TNBC,PVL Immature s1,PVL Immature,PVL
CID3946_GGTCACGCACACGTGC,CID3946,1636,776,12.8361858190709,TNBC,PVL Immature s1,PVL Immature,PVL
CID3946_TATCTGTTCTGGGTCG,CID3946,318,239,4.08805031446541,TNBC,PVL Immature s1,PVL Immature,PVL
CID3946_TCGAACAAGCATCCCG,CID3946,431,299,1.16009280742459,TNBC,PVL Immature s1,PVL Immature,PVL
CID3946_TCTGGCTGTGCAAGAC,CID3946,569,372,2.28471001757469,TNBC,PVL Immature s1,PVL Immature,PVL
CID3946_TTCTGTACAACTGCCG,CID3946,1156,649,6.74740484429066,TNBC,PVL Immature s1,PVL Immature,PVL
CID3946_TTTGACTGTGCCCACA,CID3946,2007,1055,6.52715495764823,TNBC,PVL Immature s1,PVL Immature,PVL
CID3946_TTTGGAGTCAATCTCT,CID3946,2424,1074,10.9323432343234,TNBC,PVL Immature s1,PVL Immature,PVL
CID3946_ACTTATCGTTGGGACA,CID3946,564,371,3.36879432624113,TNBC,PVL Immature s1,PVL Immature,PVL
CID3946_ACTTTGTCAAGCGGAT,CID3946,1433,741,12.8401953942777,TNBC,PVL Immature s1,PVL Immature,PVL
CID3946_AGAACCTGTGTATTCG,CID3946,924,559,2.38095238095238,TNBC,PVL Immature s1,PVL Immature,PVL
CID3946_GAAGCCCTCCTCATAT,CID3946,1540,785,11.4285714285714,TNBC,PVL Immature s1,PVL Immature,PVL
CID3946_GATCCCTCACCAAAGG,CID3946,719,458,4.45062586926286,TNBC,PVL Immature s1,PVL Immature,PVL
CID3946_GGGTCACTCGATTCCC,CID3946,1649,879,9.15706488781079,TNBC,PVL Immature s1,PVL Immature,PVL
CID3946_GGTGTTAGTGGCTCTG,CID3946,1683,818,17.7658942364825,TNBC,PVL Immature s1,PVL Immature,PVL
CID3946_TACAGGTGTTCCTAGA,CID3946,1931,934,13.0502330398757,TNBC,PVL Immature s1,PVL Immature,PVL
CID3946_TCAGCCTTCATTACCT,CID3946,1301,594,1.30668716372022,TNBC,PVL Immature s1,PVL Immature,PVL
CID3946_TTGAGTGGTAAGCTCT,CID3946,500,340,2.2,TNBC,PVL Immature s1,PVL Immature,PVL
CID3946_TCTTTGAAGGTCACCC,CID3946,25573,4941,5.56837289328589,TNBC,PVL Immature s1,PVL Immature,PVL
CID3946_TCTGTCGGTAGACGGT,CID3946,1552,723,14.7551546391753,TNBC,PVL Immature s1,PVL Immature,PVL
CID3946_AGTTAGCGTACGCTAT,CID3946,417,274,3.83693045563549,TNBC,T_cells_c4_CD8+_ZFP36,T cells CD8+,T-cells
CID3946_GGGATGAAGTGCACAG,CID3946,454,292,3.30396475770925,TNBC,T_cells_c4_CD8+_ZFP36,T cells CD8+,T-cells
CID3946_TATTTCGTCCATACTT,CID3946,418,260,1.67464114832536,TNBC,T_cells_c4_CD8+_ZFP36,T cells CD8+,T-cells
CID3946_TTTGGTTGTTTGTTCT,CID3946,440,276,0.681818181818182,TNBC,T_cells_c4_CD8+_ZFP36,T cells CD8+,T-cells
CID3946_ATGGGAGCAAGTGTCT,CID3946,452,287,8.1858407079646,TNBC,T_cells_c4_CD8+_ZFP36,T cells CD8+,T-cells
CID3946_ATTCAGGTCCTCAGAA,CID3946,6097,1956,10.250943086764,TNBC,T_cells_c4_CD8+_ZFP36,T cells CD8+,T-cells
CID3946_CTCAGAATCTACCACC,CID3946,2075,922,5.68674698795181,TNBC,T_cells_c4_CD8+_ZFP36,T cells CD8+,T-cells
CID3946_GACTTCCGTGACCTGC,CID3946,1626,756,3.99753997539975,TNBC,T_cells_c4_CD8+_ZFP36,T cells CD8+,T-cells
CID3946_GATTCTTAGATAGTCA,CID3946,1317,656,6.30220197418375,TNBC,T_cells_c4_CD8+_ZFP36,T cells CD8+,T-cells
CID3946_GCACTAACACCCTGTT,CID3946,516,320,1.35658914728682,TNBC,T_cells_c4_CD8+_ZFP36,T cells CD8+,T-cells
CID3946_AACCATGTCCGAGAAG,CID3946,5830,1776,7.58147512864494,TNBC,T_cells_c4_CD8+_ZFP36,T cells CD8+,T-cells
CID3946_GGGACTCTCCTTATAC,CID3946,588,330,3.74149659863946,TNBC,T_cells_c4_CD8+_ZFP36,T cells CD8+,T-cells
CID3946_GGGTTATGTACGCTAT,CID3946,322,218,8.07453416149068,TNBC,T_cells_c4_CD8+_ZFP36,T cells CD8+,T-cells
CID3946_TATATCCGTACTGCCG,CID3946,1137,558,4.22163588390501,TNBC,T_cells_c4_CD8+_ZFP36,T cells CD8+,T-cells
CID3946_ACGTACAAGGGACACT,CID3946,432,276,3.7037037037037,TNBC,T_cells_c4_CD8+_ZFP36,T cells CD8+,T-cells
CID3946_TCCACCATCGAAGCCC,CID3946,660,297,5.60606060606061,TNBC,T_cells_c6_IFIT1,T cells CD8+,T-cells
CID3946_CCACTTGGTACGATTC,CID3946,424,253,6.13207547169811,TNBC,T_cells_c6_IFIT1,T cells CD8+,T-cells
CID3946_CTCCGATCAATGGCAG,CID3946,280,203,6.42857142857143,TNBC,T_cells_c6_IFIT1,T cells CD8+,T-cells
CID3946_TTACCATGTTTCCAAG,CID3946,777,402,8.36550836550837,TNBC,T_cells_c6_IFIT1,T cells CD8+,T-cells
CID3946_AATGACCAGTACCATC,CID3946,381,277,9.18635170603675,TNBC,T_cells_c7_CD8+_IFNG,T cells CD8+,T-cells
CID3946_AGTCACACAGCAGTAG,CID3946,415,326,2.40963855421687,TNBC,T_cells_c7_CD8+_IFNG,T cells CD8+,T-cells
CID3946_CTCAACCTCATCTCTA,CID3946,480,309,1.66666666666667,TNBC,T_cells_c7_CD8+_IFNG,T cells CD8+,T-cells
CID3946_GAGTCTAAGTTGTCAC,CID3946,350,251,3.14285714285714,TNBC,T_cells_c7_CD8+_IFNG,T cells CD8+,T-cells
CID3946_GCATCTCTCCTACACC,CID3946,450,280,0.888888888888889,TNBC,T_cells_c7_CD8+_IFNG,T cells CD8+,T-cells
CID3946_TCAGCAAAGAATCTAG,CID3946,590,369,5.42372881355932,TNBC,T_cells_c7_CD8+_IFNG,T cells CD8+,T-cells
CID3946_TTCTTGATCATCACTT,CID3946,421,259,0.712589073634204,TNBC,T_cells_c7_CD8+_IFNG,T cells CD8+,T-cells
CID3946_CAGCAATGTCACCGCA,CID3946,695,433,13.0935251798561,TNBC,T_cells_c7_CD8+_IFNG,T cells CD8+,T-cells
CID3946_TGGAGGAAGAGTATAC,CID3946,259,213,3.08880308880309,TNBC,T_cells_c7_CD8+_IFNG,T cells CD8+,T-cells
CID3946_GTAGGAGGTGGCTACC,CID3946,313,239,1.2779552715655,TNBC,T_cells_c7_CD8+_IFNG,T cells CD8+,T-cells
CID3946_TACCTCGCAAGTCCAT,CID3946,395,262,1.0126582278481,TNBC,T_cells_c7_CD8+_IFNG,T cells CD8+,T-cells
CID3946_TTACTGTTCAACGCTA,CID3946,854,519,7.25995316159251,TNBC,T_cells_c7_CD8+_IFNG,T cells CD8+,T-cells
CID3946_CATACAGAGAGCCATG,CID3946,329,248,1.51975683890578,TNBC,T_cells_c8_CD8+_LAG3,T cells CD8+,T-cells
CID3946_GTTGTGAGTCCAGGTC,CID3946,925,551,5.2972972972973,TNBC,T_cells_c8_CD8+_LAG3,T cells CD8+,T-cells
CID3946_TCAGTCCAGTATTCCG,CID3946,4399,2048,1.52307342577859,TNBC,T_cells_c8_CD8+_LAG3,T cells CD8+,T-cells
CID3946_TGTCCACAGCTAGAGC,CID3946,1018,594,3.24165029469548,TNBC,T_cells_c8_CD8+_LAG3,T cells CD8+,T-cells
CID3946_TTCACCGAGCGTGAGT,CID3946,10457,2801,4.79104905804724,TNBC,T_cells_c8_CD8+_LAG3,T cells CD8+,T-cells
CID3946_CAAGACTGTTTCACTT,CID3946,924,450,6.27705627705628,TNBC,T_cells_c0_CD4+_CCR7,T cells CD4+,T-cells
CID3946_CCACGTTCATAGCTGT,CID3946,1029,455,8.26044703595724,TNBC,T_cells_c0_CD4+_CCR7,T cells CD4+,T-cells
CID3946_GACTATGGTATGCTTG,CID3946,9276,1895,4.80810694264769,TNBC,T_cells_c0_CD4+_CCR7,T cells CD4+,T-cells
CID3946_GCCAGGTTCGTTCTCG,CID3946,476,255,4.41176470588235,TNBC,T_cells_c0_CD4+_CCR7,T cells CD4+,T-cells
CID3946_GCCATGGTCTCAGTCC,CID3946,9816,2199,4.76772616136919,TNBC,T_cells_c0_CD4+_CCR7,T cells CD4+,T-cells
CID3946_TATCAGGCACACACGC,CID3946,4261,1658,2.65195963388876,TNBC,T_cells_c0_CD4+_CCR7,T cells CD4+,T-cells
CID3946_TCGACGGTCTTCCCGA,CID3946,607,328,5.93080724876442,TNBC,T_cells_c0_CD4+_CCR7,T cells CD4+,T-cells
CID3946_TTAATCCGTCTAGTGT,CID3946,8026,1897,5.93072514328433,TNBC,T_cells_c0_CD4+_CCR7,T cells CD4+,T-cells
CID3946_TTTAGTCAGCAGATAT,CID3946,512,267,7.421875,TNBC,T_cells_c0_CD4+_CCR7,T cells CD4+,T-cells
CID3946_GAAGTAATCACGAACT,CID3946,635,327,3.62204724409449,TNBC,T_cells_c1_CD4+_IL7R,T cells CD4+,T-cells
CID3946_GACCCAGTCAACTGGT,CID3946,324,214,8.64197530864197,TNBC,T_cells_c1_CD4+_IL7R,T cells CD4+,T-cells
CID3946_GGGTTATAGGGATGTC,CID3946,437,245,10.2974828375286,TNBC,T_cells_c1_CD4+_IL7R,T cells CD4+,T-cells
CID3946_TCCTTCTGTCAGTCTA,CID3946,594,308,1.51515151515152,TNBC,T_cells_c1_CD4+_IL7R,T cells CD4+,T-cells
CID3946_TTCCACGGTCCTACAA,CID3946,514,276,5.83657587548638,TNBC,T_cells_c1_CD4+_IL7R,T cells CD4+,T-cells
CID3946_GGGCTACTCTATCCAT,CID3946,539,292,2.96846011131725,TNBC,T_cells_c1_CD4+_IL7R,T cells CD4+,T-cells
CID3946_CAATGACCAGGCATTT,CID3946,433,264,6.46651270207852,TNBC,T_cells_c1_CD4+_IL7R,T cells CD4+,T-cells
CID3946_GAAGCCCTCGGCTGAC,CID3946,4008,1372,6.53692614770459,TNBC,T_cells_c1_CD4+_IL7R,T cells CD4+,T-cells
CID3946_ATTGGGTCACGACCTG,CID3946,519,296,5.78034682080925,TNBC,T_cells_c1_CD4+_IL7R,T cells CD4+,T-cells
CID3946_TACGGGCCATATCTCT,CID3946,671,347,7.00447093889717,TNBC,T_cells_c1_CD4+_IL7R,T cells CD4+,T-cells
CID3946_TCCCAGTTCATTATCC,CID3946,1006,471,8.94632206759443,TNBC,T_cells_c1_CD4+_IL7R,T cells CD4+,T-cells
CID3946_GACCCAGTCGCTTGCT,CID3946,435,251,6.4367816091954,TNBC,T_cells_c1_CD4+_IL7R,T cells CD4+,T-cells
CID3946_AGTGCCGTCTCGCTTG,CID3946,825,386,13.6969696969697,TNBC,T_cells_c1_CD4+_IL7R,T cells CD4+,T-cells
CID3946_AATAGAGCATGTGCCG,CID3946,454,327,8.37004405286344,TNBC,T_cells_c1_CD4+_IL7R,T cells CD4+,T-cells
CID3946_ATAGAGAGTTTCCCAC,CID3946,408,274,8.57843137254902,TNBC,T_cells_c1_CD4+_IL7R,T cells CD4+,T-cells
CID3946_CATAGACGTGAAAGTT,CID3946,578,368,10.3806228373702,TNBC,T_cells_c1_CD4+_IL7R,T cells CD4+,T-cells
CID3946_CCACACTTCGCTACAA,CID3946,569,367,3.51493848857645,TNBC,T_cells_c1_CD4+_IL7R,T cells CD4+,T-cells
CID3946_CTCAGTCTCAGACATC,CID3946,909,492,5.17051705170517,TNBC,T_cells_c1_CD4+_IL7R,T cells CD4+,T-cells
CID3946_GGGATCCCAGACATCT,CID3946,568,280,6.16197183098592,TNBC,T_cells_c1_CD4+_IL7R,T cells CD4+,T-cells
CID3946_GTCCTCACACGACGAA,CID3946,942,426,9.55414012738854,TNBC,T_cells_c1_CD4+_IL7R,T cells CD4+,T-cells
CID3946_AGGTTACCACATTCTT,CID3946,1248,585,5.20833333333333,TNBC,T_cells_c1_CD4+_IL7R,T cells CD4+,T-cells
CID3946_GAGAGGTGTACCTGTA,CID3946,307,240,2.93159609120521,TNBC,T_cells_c1_CD4+_IL7R,T cells CD4+,T-cells
CID3946_CACCAAACAAACGGCA,CID3946,301,253,2.99003322259136,TNBC,T_cells_c2_CD4+_T-regs_FOXP3,T cells CD4+,T-cells
CID3946_CCTTGTGAGTCACAGG,CID3946,548,394,3.46715328467153,TNBC,T_cells_c2_CD4+_T-regs_FOXP3,T cells CD4+,T-cells
CID3946_AACCACAGTCATCTAG,CID3946,768,521,4.296875,TNBC,T_cells_c2_CD4+_T-regs_FOXP3,T cells CD4+,T-cells
CID3946_AATTCCTAGACGCTCC,CID3946,412,315,1.21359223300971,TNBC,T_cells_c2_CD4+_T-regs_FOXP3,T cells CD4+,T-cells
CID3946_AGCCAATCAACTGCCG,CID3946,1908,996,8.28092243186583,TNBC,T_cells_c2_CD4+_T-regs_FOXP3,T cells CD4+,T-cells
CID3946_AGGCTGCGTTCTTCAT,CID3946,1278,685,9.70266040688576,TNBC,T_cells_c2_CD4+_T-regs_FOXP3,T cells CD4+,T-cells
CID3946_CCTCACAGTCATATGC,CID3946,3178,1477,5.34927627438641,TNBC,T_cells_c2_CD4+_T-regs_FOXP3,T cells CD4+,T-cells
CID3946_CGTGATAGTACAGAGC,CID3946,716,471,11.4525139664804,TNBC,T_cells_c2_CD4+_T-regs_FOXP3,T cells CD4+,T-cells
CID3946_CTGTGAAAGTCCTGTA,CID3946,516,380,3.48837209302326,TNBC,T_cells_c2_CD4+_T-regs_FOXP3,T cells CD4+,T-cells
CID3946_CTTCGGTCATAGTCAC,CID3946,5729,1872,5.30633618432536,TNBC,T_cells_c2_CD4+_T-regs_FOXP3,T cells CD4+,T-cells
CID3946_GATCAGTTCTGCACCT,CID3946,391,304,1.79028132992327,TNBC,T_cells_c2_CD4+_T-regs_FOXP3,T cells CD4+,T-cells
CID3946_GTTAGACGTTGCATCA,CID3946,3853,1259,14.456267843239,TNBC,T_cells_c2_CD4+_T-regs_FOXP3,T cells CD4+,T-cells
CID3946_TCAATCTGTCGCATGC,CID3946,758,541,3.82585751978892,TNBC,T_cells_c2_CD4+_T-regs_FOXP3,T cells CD4+,T-cells
CID3946_TCACACCTCGAACGCC,CID3946,664,471,0.451807228915663,TNBC,T_cells_c2_CD4+_T-regs_FOXP3,T cells CD4+,T-cells
CID3946_TCTACCGCACAATTCG,CID3946,534,349,2.43445692883895,TNBC,T_cells_c2_CD4+_T-regs_FOXP3,T cells CD4+,T-cells
CID3946_TTTAGTCCAGCGAACA,CID3946,490,364,4.08163265306122,TNBC,T_cells_c2_CD4+_T-regs_FOXP3,T cells CD4+,T-cells
CID3946_ATCTTCATCGATACTG,CID3946,450,290,2.88888888888889,TNBC,T_cells_c2_CD4+_T-regs_FOXP3,T cells CD4+,T-cells
CID3946_AACACACAGAGTCGAC,CID3946,414,234,16.6666666666667,TNBC,T_cells_c3_CD4+_Tfh_CXCL13,T cells CD4+,T-cells
CID3946_TAATCTCAGGTAGACC,CID3946,570,324,8.42105263157895,TNBC,T_cells_c3_CD4+_Tfh_CXCL13,T cells CD4+,T-cells
CID3946_TCGAACAAGCTCGTGC,CID3946,517,299,19.3423597678917,TNBC,T_cells_c9_NK_cells_AREG,NK cells,T-cells
CID3946_ACCCTTGTCGGAGATG,CID3946,286,218,13.986013986014,TNBC,T_cells_c11_MKI67,Cycling T-cells,T-cells
CID3946_GATCACAGTTTGATCG,CID3946,327,211,9.1743119266055,TNBC,T_cells_c10_NKT_cells_FCGR3A,NKT cells,T-cells
CID3946_TTCTCTCGTACAAACA,CID3946,939,397,9.69116080937167,TNBC,T_cells_c10_NKT_cells_FCGR3A,NKT cells,T-cells
CID3946_CCATCACGTCTTACTT,CID3946,1244,603,9.80707395498392,TNBC,T_cells_c10_NKT_cells_FCGR3A,NKT cells,T-cells
CID3946_AGAGAGCGTACATACC,CID3946,516,300,11.046511627907,TNBC,T_cells_c10_NKT_cells_FCGR3A,NKT cells,T-cells
CID3946_CCTCTAGAGTGCCAGA,CID3946,369,283,2.1680216802168,TNBC,Myeloid_c12_Monocyte_1_IL1B,Monocyte,Myeloid
CID3946_TGCAGGCAGACGCCAA,CID3946,305,236,4.59016393442623,TNBC,Myeloid_c12_Monocyte_1_IL1B,Monocyte,Myeloid
CID3946_AACTTCTGTAGTCTGT,CID3946,1452,659,15.495867768595,TNBC,Myeloid_c12_Monocyte_1_IL1B,Monocyte,Myeloid
CID3946_AATCACGTCTCCCAAC,CID3946,2666,1175,9.00225056264066,TNBC,Myeloid_c12_Monocyte_1_IL1B,Monocyte,Myeloid
CID3946_ACACAGTTCTGTAACG,CID3946,1271,569,7.31707317073171,TNBC,Myeloid_c12_Monocyte_1_IL1B,Monocyte,Myeloid
CID3946_ACACGCGTCCTCACTG,CID3946,1046,488,10.8986615678776,TNBC,Myeloid_c12_Monocyte_1_IL1B,Monocyte,Myeloid
CID3946_AGAAGTAAGATGATTG,CID3946,333,261,4.8048048048048,TNBC,Myeloid_c12_Monocyte_1_IL1B,Monocyte,Myeloid
CID3946_ATCCGTCTCTGAACGT,CID3946,2665,1108,9.68105065666041,TNBC,Myeloid_c12_Monocyte_1_IL1B,Monocyte,Myeloid
CID3946_CACAGATCATTATGCG,CID3946,1057,480,13.1504257332072,TNBC,Myeloid_c12_Monocyte_1_IL1B,Monocyte,Myeloid
CID3946_CACTTCGCACACAGAG,CID3946,1085,538,3.41013824884793,TNBC,Myeloid_c12_Monocyte_1_IL1B,Monocyte,Myeloid
CID3946_CAGATTGCACTGTCCT,CID3946,569,360,4.21792618629174,TNBC,Myeloid_c12_Monocyte_1_IL1B,Monocyte,Myeloid
CID3946_CATACAGGTGGCTACC,CID3946,1044,510,2.29885057471264,TNBC,Myeloid_c12_Monocyte_1_IL1B,Monocyte,Myeloid
CID3946_CATTCTACATGACCCG,CID3946,1816,778,4.90088105726872,TNBC,Myeloid_c12_Monocyte_1_IL1B,Monocyte,Myeloid
CID3946_CCCTTAGGTCATGACT,CID3946,1339,668,3.36071695294996,TNBC,Myeloid_c12_Monocyte_1_IL1B,Monocyte,Myeloid
CID3946_CCGAACGAGTGTTGAA,CID3946,1155,584,7.96536796536797,TNBC,Myeloid_c12_Monocyte_1_IL1B,Monocyte,Myeloid
CID3946_CCGTGAGAGGGTCAAC,CID3946,736,377,10.054347826087,TNBC,Myeloid_c12_Monocyte_1_IL1B,Monocyte,Myeloid
CID3946_CGGAGAAGTGTAGGAC,CID3946,971,460,15.3450051493306,TNBC,Myeloid_c12_Monocyte_1_IL1B,Monocyte,Myeloid
CID3946_CGGGTCAGTTCAATCG,CID3946,585,354,2.73504273504274,TNBC,Myeloid_c12_Monocyte_1_IL1B,Monocyte,Myeloid
CID3946_CTGTGAACAAGGAGTC,CID3946,645,382,10.6976744186047,TNBC,Myeloid_c12_Monocyte_1_IL1B,Monocyte,Myeloid
CID3946_CTTGATTTCGGATAAA,CID3946,466,314,5.79399141630901,TNBC,Myeloid_c12_Monocyte_1_IL1B,Monocyte,Myeloid
CID3946_GCGATCGTCTCTTCAA,CID3946,1674,826,13.6200716845878,TNBC,Myeloid_c12_Monocyte_1_IL1B,Monocyte,Myeloid
CID3946_GCGTGCAGTTCCGCAG,CID3946,820,448,6.46341463414634,TNBC,Myeloid_c12_Monocyte_1_IL1B,Monocyte,Myeloid
CID3946_GGCACGTCAGTTGCGC,CID3946,2194,1015,15.4512306289881,TNBC,Myeloid_c12_Monocyte_1_IL1B,Monocyte,Myeloid
CID3946_GGTTAACTCACGATCA,CID3946,902,485,2.77161862527716,TNBC,Myeloid_c12_Monocyte_1_IL1B,Monocyte,Myeloid
CID3946_GTATTGGTCGTCACCT,CID3946,873,444,3.55097365406644,TNBC,Myeloid_c12_Monocyte_1_IL1B,Monocyte,Myeloid
CID3946_GTGTGATGTTCTCAGA,CID3946,698,426,9.16905444126074,TNBC,Myeloid_c12_Monocyte_1_IL1B,Monocyte,Myeloid
CID3946_TATCGCCCAGAAACCG,CID3946,2133,846,6.37599624941397,TNBC,Myeloid_c12_Monocyte_1_IL1B,Monocyte,Myeloid
CID3946_TCATCATGTGGTCTAT,CID3946,439,294,1.82232346241458,TNBC,Myeloid_c12_Monocyte_1_IL1B,Monocyte,Myeloid
CID3946_TCCATGCGTACTGAGG,CID3946,2850,1206,13.5789473684211,TNBC,Myeloid_c12_Monocyte_1_IL1B,Monocyte,Myeloid
CID3946_TCCTCGACATCTGGGC,CID3946,677,407,2.36336779911374,TNBC,Myeloid_c12_Monocyte_1_IL1B,Monocyte,Myeloid
CID3946_TCGAAGTAGCGTTCCG,CID3946,748,418,4.14438502673797,TNBC,Myeloid_c12_Monocyte_1_IL1B,Monocyte,Myeloid
CID3946_TCTATCACAATAGGGC,CID3946,848,447,3.89150943396226,TNBC,Myeloid_c12_Monocyte_1_IL1B,Monocyte,Myeloid
CID3946_TGGCGTGAGAGATCGC,CID3946,821,443,5.60292326431181,TNBC,Myeloid_c12_Monocyte_1_IL1B,Monocyte,Myeloid
CID3946_TGGTTAGTCGTCGACG,CID3946,542,344,4.0590405904059,TNBC,Myeloid_c12_Monocyte_1_IL1B,Monocyte,Myeloid
CID3946_TGTTCCGGTTCCCACT,CID3946,822,434,5.96107055961071,TNBC,Myeloid_c12_Monocyte_1_IL1B,Monocyte,Myeloid
CID3946_TCGGGTGGTGGCCCAT,CID3946,754,388,8.62068965517241,TNBC,Myeloid_c12_Monocyte_1_IL1B,Monocyte,Myeloid
CID3946_AGCGCCAAGGTGAGAA,CID3946,562,329,3.38078291814947,TNBC,Myeloid_c12_Monocyte_1_IL1B,Monocyte,Myeloid
CID3946_TACGCTCTCAAGAAAC,CID3946,2523,916,9.78993261989695,TNBC,Myeloid_c12_Monocyte_1_IL1B,Monocyte,Myeloid
CID3946_GAGTTGTCACTAGAGG,CID3946,530,291,4.33962264150943,TNBC,Myeloid_c12_Monocyte_1_IL1B,Monocyte,Myeloid
CID3946_ACTGTGACACTTGGGC,CID3946,1388,748,6.9164265129683,TNBC,Myeloid_c12_Monocyte_1_IL1B,Monocyte,Myeloid
CID3946_CTCAAGATCTAGCATG,CID3946,541,334,6.6543438077634,TNBC,Myeloid_c12_Monocyte_1_IL1B,Monocyte,Myeloid
CID3946_GTTGCTCCATAACTCG,CID3946,2186,996,9.42360475754803,TNBC,Myeloid_c12_Monocyte_1_IL1B,Monocyte,Myeloid
CID3946_TCCACCAGTACTGCCG,CID3946,1506,743,2.25763612217796,TNBC,Myeloid_c12_Monocyte_1_IL1B,Monocyte,Myeloid
CID3946_TGAATGCGTTTCGTAG,CID3946,291,226,2.40549828178694,TNBC,Myeloid_c12_Monocyte_1_IL1B,Monocyte,Myeloid
CID3946_TAAGCGTGTTCTCAGA,CID3946,14293,3579,4.44973063737494,TNBC,Myeloid_c2_LAM2_APOE,Macrophage,Myeloid
CID3946_TGCAGGCTCACATCAG,CID3946,305,226,2.29508196721311,TNBC,Myeloid_c2_LAM2_APOE,Macrophage,Myeloid
CID3946_TAAGTCGAGATACATG,CID3946,356,226,1.40449438202247,TNBC,Myeloid_c2_LAM2_APOE,Macrophage,Myeloid
CID3946_AACAAGACACCAATTG,CID3946,526,345,2.85171102661597,TNBC,Myeloid_c1_LAM1_FABP5,Macrophage,Myeloid
CID3946_AATAGAGAGGGAGGAC,CID3946,484,300,2.47933884297521,TNBC,Myeloid_c1_LAM1_FABP5,Macrophage,Myeloid
CID3946_AATGGAACACGTATAC,CID3946,463,332,2.59179265658747,TNBC,Myeloid_c1_LAM1_FABP5,Macrophage,Myeloid
CID3946_AGAGAGCGTGATACTC,CID3946,316,206,2.84810126582278,TNBC,Myeloid_c1_LAM1_FABP5,Macrophage,Myeloid
CID3946_ATTCCTAGTCCACATA,CID3946,455,307,1.53846153846154,TNBC,Myeloid_c1_LAM1_FABP5,Macrophage,Myeloid
CID3946_CAATCGACAGGCAATG,CID3946,396,287,2.27272727272727,TNBC,Myeloid_c1_LAM1_FABP5,Macrophage,Myeloid
CID3946_CCTACGTTCTTTCTAG,CID3946,499,315,1.80360721442886,TNBC,Myeloid_c1_LAM1_FABP5,Macrophage,Myeloid
CID3946_CCTCACAAGATAACAC,CID3946,450,322,2.66666666666667,TNBC,Myeloid_c1_LAM1_FABP5,Macrophage,Myeloid
CID3946_CCTTGTGTCAAATGAG,CID3946,319,215,2.50783699059561,TNBC,Myeloid_c1_LAM1_FABP5,Macrophage,Myeloid
CID3946_CCTTTGGGTCCGTTTC,CID3946,618,358,1.13268608414239,TNBC,Myeloid_c1_LAM1_FABP5,Macrophage,Myeloid
CID3946_CTCCGATGTGATACTC,CID3946,334,249,4.49101796407186,TNBC,Myeloid_c1_LAM1_FABP5,Macrophage,Myeloid
CID3946_CTGAATGCAGGATGAC,CID3946,398,278,10.3015075376884,TNBC,Myeloid_c1_LAM1_FABP5,Macrophage,Myeloid
CID3946_CTGCAGGAGGAGTCTG,CID3946,352,229,2.55681818181818,TNBC,Myeloid_c1_LAM1_FABP5,Macrophage,Myeloid
CID3946_CTGCGAGAGACCAACG,CID3946,433,309,3.92609699769053,TNBC,Myeloid_c1_LAM1_FABP5,Macrophage,Myeloid
CID3946_GATCGTAAGGTCATTC,CID3946,342,225,4.67836257309941,TNBC,Myeloid_c1_LAM1_FABP5,Macrophage,Myeloid
CID3946_GTGTAACAGTCCGCGT,CID3946,369,235,0.5420054200542,TNBC,Myeloid_c1_LAM1_FABP5,Macrophage,Myeloid
CID3946_TAAGCCAGTTTGTGGT,CID3946,479,337,3.54906054279749,TNBC,Myeloid_c1_LAM1_FABP5,Macrophage,Myeloid
CID3946_TACCGAAAGCCGGATA,CID3946,355,243,3.66197183098592,TNBC,Myeloid_c1_LAM1_FABP5,Macrophage,Myeloid
CID3946_TCGATTTTCTCGTCAC,CID3946,448,266,0.669642857142857,TNBC,Myeloid_c1_LAM1_FABP5,Macrophage,Myeloid
CID3946_TGGGAGAGTTGTGGCC,CID3946,297,237,4.71380471380471,TNBC,Myeloid_c1_LAM1_FABP5,Macrophage,Myeloid
CID3946_TGGTAGTCAACACAGG,CID3946,375,277,6.13333333333333,TNBC,Myeloid_c1_LAM1_FABP5,Macrophage,Myeloid
CID3946_TTACCATTCCTATGGA,CID3946,474,305,1.89873417721519,TNBC,Myeloid_c1_LAM1_FABP5,Macrophage,Myeloid
CID3946_TTTACTGAGGCCCGTT,CID3946,479,323,1.04384133611691,TNBC,Myeloid_c1_LAM1_FABP5,Macrophage,Myeloid
CID3946_TGGATGTGTGACGCCT,CID3946,844,508,4.14691943127962,TNBC,Myeloid_c1_LAM1_FABP5,Macrophage,Myeloid
CID3946_AACAACCGTGTGACCC,CID3946,1122,586,7.75401069518717,TNBC,Myeloid_c1_LAM1_FABP5,Macrophage,Myeloid
CID3946_AACGGGATCGGTCTAA,CID3946,478,338,2.92887029288703,TNBC,Myeloid_c1_LAM1_FABP5,Macrophage,Myeloid
CID3946_AAGACTCAGCATTTCG,CID3946,1212,610,2.55775577557756,TNBC,Myeloid_c1_LAM1_FABP5,Macrophage,Myeloid
CID3946_AATTCCTGTTTGCAGT,CID3946,591,358,2.53807106598985,TNBC,Myeloid_c1_LAM1_FABP5,Macrophage,Myeloid
CID3946_ACACGCGCATCTGCGG,CID3946,561,335,3.92156862745098,TNBC,Myeloid_c1_LAM1_FABP5,Macrophage,Myeloid
CID3946_ACGATGTAGGAAGTGA,CID3946,411,264,3.89294403892944,TNBC,Myeloid_c1_LAM1_FABP5,Macrophage,Myeloid
CID3946_ACTCCCAAGACATAAC,CID3946,1486,685,1.8842530282638,TNBC,Myeloid_c1_LAM1_FABP5,Macrophage,Myeloid
CID3946_AGATCCACATGGAATA,CID3946,473,309,4.22832980972516,TNBC,Myeloid_c1_LAM1_FABP5,Macrophage,Myeloid
CID3946_AGCATCACAGACACAG,CID3946,592,392,2.87162162162162,TNBC,Myeloid_c1_LAM1_FABP5,Macrophage,Myeloid
CID3946_AGCATCACATATCTCT,CID3946,894,537,3.02013422818792,TNBC,Myeloid_c1_LAM1_FABP5,Macrophage,Myeloid
CID3946_AGCTCAAAGTAGCTCT,CID3946,737,469,2.03527815468114,TNBC,Myeloid_c1_LAM1_FABP5,Macrophage,Myeloid
CID3946_AGGCATTAGGCCCACT,CID3946,464,323,3.23275862068966,TNBC,Myeloid_c1_LAM1_FABP5,Macrophage,Myeloid
CID3946_AGGGAGTTCGAAGGAC,CID3946,642,377,2.80373831775701,TNBC,Myeloid_c1_LAM1_FABP5,Macrophage,Myeloid
CID3946_AGGGCCTAGTACCATC,CID3946,475,288,2.52631578947368,TNBC,Myeloid_c1_LAM1_FABP5,Macrophage,Myeloid
CID3946_AGGGTCCCACAAGTGG,CID3946,570,382,3.85964912280702,TNBC,Myeloid_c1_LAM1_FABP5,Macrophage,Myeloid
CID3946_AGGTTACTCATCCTGC,CID3946,679,394,3.53460972017673,TNBC,Myeloid_c1_LAM1_FABP5,Macrophage,Myeloid
CID3946_AGTGCCGCACTACCCT,CID3946,616,423,3.57142857142857,TNBC,Myeloid_c1_LAM1_FABP5,Macrophage,Myeloid
CID3946_ATACTTCTCTCTATAC,CID3946,576,324,1.04166666666667,TNBC,Myeloid_c1_LAM1_FABP5,Macrophage,Myeloid
CID3946_ATCATTCAGGATATGT,CID3946,2146,988,11.6495806150979,TNBC,Myeloid_c1_LAM1_FABP5,Macrophage,Myeloid
CID3946_ATCCTATTCCTGCTAC,CID3946,907,499,1.87431091510474,TNBC,Myeloid_c1_LAM1_FABP5,Macrophage,Myeloid
CID3946_ATTTCACAGTCCTACA,CID3946,1165,686,2.40343347639485,TNBC,Myeloid_c1_LAM1_FABP5,Macrophage,Myeloid
CID3946_CAACAACAGCAAATCA,CID3946,4675,1657,7.35828877005348,TNBC,Myeloid_c1_LAM1_FABP5,Macrophage,Myeloid
CID3946_CAACCTCAGGTGCCAA,CID3946,972,539,5.55555555555556,TNBC,Myeloid_c1_LAM1_FABP5,Macrophage,Myeloid
CID3946_CAAGAGGTCTTCTCAA,CID3946,485,279,3.29896907216495,TNBC,Myeloid_c1_LAM1_FABP5,Macrophage,Myeloid
CID3946_CACGAATCAAATGAAC,CID3946,1781,985,2.97585626052779,TNBC,Myeloid_c1_LAM1_FABP5,Macrophage,Myeloid
CID3946_CATCCCATCCCGTGAG,CID3946,589,346,1.01867572156197,TNBC,Myeloid_c1_LAM1_FABP5,Macrophage,Myeloid
CID3946_CATGAGTTCCTCTTTC,CID3946,586,344,3.41296928327645,TNBC,Myeloid_c1_LAM1_FABP5,Macrophage,Myeloid
CID3946_CATTCTAAGCGGTAAC,CID3946,1226,638,4.24143556280587,TNBC,Myeloid_c1_LAM1_FABP5,Macrophage,Myeloid
CID3946_CCCTAACCAGGATTCT,CID3946,485,339,1.23711340206186,TNBC,Myeloid_c1_LAM1_FABP5,Macrophage,Myeloid
CID3946_CCGATGGAGAAGTGTT,CID3946,436,325,4.58715596330275,TNBC,Myeloid_c1_LAM1_FABP5,Macrophage,Myeloid
CID3946_CCTAACCCACCCTATC,CID3946,1379,697,1.01522842639594,TNBC,Myeloid_c1_LAM1_FABP5,Macrophage,Myeloid
CID3946_CCTCACAAGATGCTTC,CID3946,620,374,4.03225806451613,TNBC,Myeloid_c1_LAM1_FABP5,Macrophage,Myeloid
CID3946_CCTCTCCTCACTCGAA,CID3946,1166,696,1.97255574614065,TNBC,Myeloid_c1_LAM1_FABP5,Macrophage,Myeloid
CID3946_CGAAGTTGTCCAGCAC,CID3946,669,437,4.33482810164425,TNBC,Myeloid_c1_LAM1_FABP5,Macrophage,Myeloid
CID3946_CGCCATTGTGAGTAGC,CID3946,483,335,4.55486542443064,TNBC,Myeloid_c1_LAM1_FABP5,Macrophage,Myeloid
CID3946_CGGAGAAAGCGTTCCG,CID3946,503,306,2.5844930417495,TNBC,Myeloid_c1_LAM1_FABP5,Macrophage,Myeloid
CID3946_CGTAGTATCACTAGCA,CID3946,555,361,3.96396396396396,TNBC,Myeloid_c1_LAM1_FABP5,Macrophage,Myeloid
CID3946_CTACAGATCATTGGTG,CID3946,472,315,4.02542372881356,TNBC,Myeloid_c1_LAM1_FABP5,Macrophage,Myeloid
CID3946_CTCAATTTCTCTGCCA,CID3946,618,408,2.9126213592233,TNBC,Myeloid_c1_LAM1_FABP5,Macrophage,Myeloid
CID3946_CTCCTTTCAACCAATC,CID3946,1601,842,1.49906308557152,TNBC,Myeloid_c1_LAM1_FABP5,Macrophage,Myeloid
CID3946_CTCGAGGCAAGAGAGA,CID3946,2825,1134,11.8230088495575,TNBC,Myeloid_c1_LAM1_FABP5,Macrophage,Myeloid
CID3946_CTTCGGTAGGATATGT,CID3946,380,272,5.78947368421053,TNBC,Myeloid_c1_LAM1_FABP5,Macrophage,Myeloid
CID3946_CTTCTAACAAATGCTC,CID3946,580,368,2.75862068965517,TNBC,Myeloid_c1_LAM1_FABP5,Macrophage,Myeloid
CID3946_GAAGTAATCAGTCCGG,CID3946,610,366,5.40983606557377,TNBC,Myeloid_c1_LAM1_FABP5,Macrophage,Myeloid
CID3946_GACCGTGGTTTCAGAC,CID3946,566,346,3.35689045936396,TNBC,Myeloid_c1_LAM1_FABP5,Macrophage,Myeloid
CID3946_GAGAAATAGATAGTGT,CID3946,1466,725,10.9822646657572,TNBC,Myeloid_c1_LAM1_FABP5,Macrophage,Myeloid
CID3946_GAGGGATAGTCTCGTA,CID3946,489,339,4.29447852760736,TNBC,Myeloid_c1_LAM1_FABP5,Macrophage,Myeloid
CID3946_GATCACAAGCTCGTGC,CID3946,1404,660,12.8205128205128,TNBC,Myeloid_c1_LAM1_FABP5,Macrophage,Myeloid
CID3946_GATGACTTCCCAAGTA,CID3946,675,410,2.22222222222222,TNBC,Myeloid_c1_LAM1_FABP5,Macrophage,Myeloid
CID3946_GCATTAGTCATGAGTC,CID3946,712,448,5.19662921348315,TNBC,Myeloid_c1_LAM1_FABP5,Macrophage,Myeloid
CID3946_GCCTGTTGTTCTCACC,CID3946,929,502,1.39935414424112,TNBC,Myeloid_c1_LAM1_FABP5,Macrophage,Myeloid
CID3946_GCGTTTCTCCGACAGC,CID3946,2804,1161,17.3323823109843,TNBC,Myeloid_c1_LAM1_FABP5,Macrophage,Myeloid
CID3946_GGAATCTAGAAGCTGC,CID3946,330,242,5.15151515151515,TNBC,Myeloid_c1_LAM1_FABP5,Macrophage,Myeloid
CID3946_GGGACCTTCCTCTCGA,CID3946,1519,765,2.23831468071099,TNBC,Myeloid_c1_LAM1_FABP5,Macrophage,Myeloid
CID3946_GGGATGAAGGTTAGTA,CID3946,696,390,11.9252873563218,TNBC,Myeloid_c1_LAM1_FABP5,Macrophage,Myeloid
CID3946_GTTATGGAGAGAGCGG,CID3946,795,471,18.4905660377358,TNBC,Myeloid_c1_LAM1_FABP5,Macrophage,Myeloid
CID3946_TAATCTCAGTTCCGTA,CID3946,881,474,2.27014755959137,TNBC,Myeloid_c1_LAM1_FABP5,Macrophage,Myeloid
CID3946_TACACCCAGTAGGCCA,CID3946,2306,1028,3.94622723330442,TNBC,Myeloid_c1_LAM1_FABP5,Macrophage,Myeloid
CID3946_TACAGGTGTCATCGCG,CID3946,473,332,4.86257928118393,TNBC,Myeloid_c1_LAM1_FABP5,Macrophage,Myeloid
CID3946_TATCCTATCGCTTGAA,CID3946,487,314,4.72279260780287,TNBC,Myeloid_c1_LAM1_FABP5,Macrophage,Myeloid
CID3946_TATTGCTTCAAACCTG,CID3946,952,516,3.57142857142857,TNBC,Myeloid_c1_LAM1_FABP5,Macrophage,Myeloid
CID3946_TCACAAGTCGTGGAAG,CID3946,425,305,7.52941176470588,TNBC,Myeloid_c1_LAM1_FABP5,Macrophage,Myeloid
CID3946_TCATACTAGGTCTTTG,CID3946,634,391,2.99684542586751,TNBC,Myeloid_c1_LAM1_FABP5,Macrophage,Myeloid
CID3946_TCATGTTTCCGCCTAT,CID3946,687,402,1.60116448326055,TNBC,Myeloid_c1_LAM1_FABP5,Macrophage,Myeloid
CID3946_TCCGAAATCTCACTCG,CID3946,657,383,2.73972602739726,TNBC,Myeloid_c1_LAM1_FABP5,Macrophage,Myeloid
CID3946_TCTCACGTCAACGAGG,CID3946,378,239,2.64550264550265,TNBC,Myeloid_c1_LAM1_FABP5,Macrophage,Myeloid
CID3946_TCTTCCTCAACGCATT,CID3946,674,374,0.445103857566766,TNBC,Myeloid_c1_LAM1_FABP5,Macrophage,Myeloid
CID3946_TGAATGCGTGCGAGTA,CID3946,397,292,4.53400503778338,TNBC,Myeloid_c1_LAM1_FABP5,Macrophage,Myeloid
CID3946_TTAGGGTTCGCCGAAC,CID3946,1613,798,4.40173589584625,TNBC,Myeloid_c1_LAM1_FABP5,Macrophage,Myeloid
CID3946_TTCATTGAGCGTTACT,CID3946,416,283,9.61538461538462,TNBC,Myeloid_c1_LAM1_FABP5,Macrophage,Myeloid
CID3946_TTCCACGGTCTACAGT,CID3946,612,363,2.45098039215686,TNBC,Myeloid_c1_LAM1_FABP5,Macrophage,Myeloid
CID3946_TTTCCTCTCCTCGCAT,CID3946,758,395,0.79155672823219,TNBC,Myeloid_c1_LAM1_FABP5,Macrophage,Myeloid
CID3946_CACTGGGGTATCGTGT,CID3946,1270,790,0.708661417322835,TNBC,Myeloid_c1_LAM1_FABP5,Macrophage,Myeloid
CID3946_GAAGCGAAGGGAGGAC,CID3946,302,211,3.3112582781457,TNBC,Myeloid_c1_LAM1_FABP5,Macrophage,Myeloid
CID3946_GTAGATCTCGCCTAGG,CID3946,494,299,1.82186234817814,TNBC,Myeloid_c1_LAM1_FABP5,Macrophage,Myeloid
CID3946_GTCTAGATCATGCCGG,CID3946,312,207,1.6025641025641,TNBC,Myeloid_c1_LAM1_FABP5,Macrophage,Myeloid
CID3946_TGCAGATTCACCCATC,CID3946,465,284,2.36559139784946,TNBC,Myeloid_c1_LAM1_FABP5,Macrophage,Myeloid
CID3946_TTACAGGAGAACGTGC,CID3946,397,259,3.5264483627204,TNBC,Myeloid_c1_LAM1_FABP5,Macrophage,Myeloid
CID3946_ACAGCCGTCATTCGGA,CID3946,397,301,4.03022670025189,TNBC,Myeloid_c1_LAM1_FABP5,Macrophage,Myeloid
CID3946_CAGCAATGTGTCCAAT,CID3946,302,234,3.3112582781457,TNBC,Myeloid_c1_LAM1_FABP5,Macrophage,Myeloid
CID3946_TGTGAGTAGTACCATC,CID3946,459,314,3.26797385620915,TNBC,Myeloid_c1_LAM1_FABP5,Macrophage,Myeloid
CID3946_ACACAGTGTCTACATG,CID3946,535,326,5.79439252336449,TNBC,Cycling_Myeloid,Cycling_Myeloid,Myeloid
CID3946_CTACAGAAGATGGTAT,CID3946,1562,715,12.4839948783611,TNBC,Cycling_Myeloid,Cycling_Myeloid,Myeloid
CID3946_TTCCAATTCCGAGGCT,CID3946,470,320,2.12765957446809,TNBC,Cycling_Myeloid,Cycling_Myeloid,Myeloid
CID3946_CTCAGGGCACACCGCA,CID3946,1168,654,2.99657534246575,TNBC,Myeloid_c4_DCs_pDC_IRF7,DCs,Myeloid
CID3946_TCAGTGACACCCAAGC,CID3946,3652,1088,7.69441401971523,TNBC,Myeloid_c4_DCs_pDC_IRF7,DCs,Myeloid
